offer_id,date,date_iso,price,price_clean,change,change_clean,is_increase
316104722,Сегодня,2025-04-11 00:00:00,80 000 ₽/мес.,80000,30 000 ₽,+30000,True
316104722,10 апр 2025,2025-04-10 00:00:00,50 000 ₽/мес.,50000,5 000 ₽,-5000,False
316104722,10 апр 2025,2025-04-10 00:00:00,55 000 ₽/мес.,55000,,,False
316085766,10 апр 2025,2025-04-10 00:00:00,100 000 ₽/мес.,100000,10 000 ₽,-10000,False
316085766,9 апр 2025,2025-04-09 00:00:00,110 000 ₽/мес.,110000,,,False
316015200,10 апр 2025,2025-04-10 00:00:00,75 000 ₽/мес.,75000,5 000 ₽,-5000,False
316015200,8 апр 2025,2025-04-08 00:00:00,80 000 ₽/мес.,80000,,,False
315985003,10 апр 2025,2025-04-10 00:00:00,75 000 ₽/мес.,75000,5 000 ₽,-5000,False
315985003,7 апр 2025,2025-04-07 00:00:00,80 000 ₽/мес.,80000,,,False
315984105,9 апр 2025,2025-04-09 00:00:00,80 000 ₽/мес.,80000,5 000 ₽,-5000,False
315984105,7 апр 2025,2025-04-07 00:00:00,85 000 ₽/мес.,85000,,,False
315963981,7 апр 2025,2025-04-07 00:00:00,55 000 ₽/мес.,55000,54 945 000 ₽,-54945000,False
315963981,7 апр 2025,2025-04-07 00:00:00,55 000 000 ₽/мес.,55000000,,,False
315960228,10 апр 2025,2025-04-10 00:00:00,90 000 ₽/мес.,90000,10 000 ₽,-10000,False
315960228,7 апр 2025,2025-04-07 00:00:00,100 000 ₽/мес.,100000,,,False
315933413,8 апр 2025,2025-04-08 00:00:00,90 000 ₽/мес.,90000,40 000 ₽,-40000,False
315933413,8 апр 2025,2025-04-08 00:00:00,130 000 ₽/мес.,130000,50 000 ₽,+50000,True
315933413,7 апр 2025,2025-04-07 00:00:00,80 000 ₽/мес.,80000,10 000 ₽,-10000,False
315933413,6 апр 2025,2025-04-06 00:00:00,90 000 ₽/мес.,90000,,,False
315915558,10 апр 2025,2025-04-10 00:00:00,85 000 ₽/мес.,85000,5 000 ₽,-5000,False
315915558,8 апр 2025,2025-04-08 00:00:00,90 000 ₽/мес.,90000,5 000 ₽,-5000,False
315915558,5 апр 2025,2025-04-05 00:00:00,95 000 ₽/мес.,95000,,,False
315911384,8 апр 2025,2025-04-08 00:00:00,80 000 ₽/мес.,80000,4 000 ₽,+4000,True
315911384,5 апр 2025,2025-04-05 00:00:00,76 000 ₽/мес.,76000,,,False
315900371,7 апр 2025,2025-04-07 00:00:00,98 000 ₽/мес.,98000,6 000 ₽,-6000,False
315900371,5 апр 2025,2025-04-05 00:00:00,104 000 ₽/мес.,104000,,,False
315890014,10 апр 2025,2025-04-10 00:00:00,89 999 ₽/мес.,89999,10 000 ₽,-10000,False
315890014,5 апр 2025,2025-04-05 00:00:00,99 999 ₽/мес.,99999,,,False
315876270,8 апр 2025,2025-04-08 00:00:00,83 000 ₽/мес.,83000,2 000 ₽,-2000,False
315876270,6 апр 2025,2025-04-06 00:00:00,85 000 ₽/мес.,85000,2 000 ₽,-2000,False
315876270,4 апр 2025,2025-04-04 00:00:00,87 000 ₽/мес.,87000,,,False
315855629,6 апр 2025,2025-04-06 00:00:00,100 000 ₽/мес.,100000,10 000 ₽,-10000,False
315855629,4 апр 2025,2025-04-04 00:00:00,110 000 ₽/мес.,110000,,,False
315833677,10 апр 2025,2025-04-10 00:00:00,95 000 ₽/мес.,95000,3 000 ₽,-3000,False
315833677,8 апр 2025,2025-04-08 00:00:00,98 000 ₽/мес.,98000,2 000 ₽,-2000,False
315833677,3 апр 2025,2025-04-03 00:00:00,100 000 ₽/мес.,100000,,,False
315821066,9 апр 2025,2025-04-09 00:00:00,83 000 ₽/мес.,83000,7 000 ₽,-7000,False
315821066,7 апр 2025,2025-04-07 00:00:00,90 000 ₽/мес.,90000,5 000 ₽,-5000,False
315821066,3 апр 2025,2025-04-03 00:00:00,95 000 ₽/мес.,95000,,,False
315820540,9 апр 2025,2025-04-09 00:00:00,100 000 ₽/мес.,100000,10 000 ₽,-10000,False
315820540,3 апр 2025,2025-04-03 00:00:00,110 000 ₽/мес.,110000,,,False
315816443,9 апр 2025,2025-04-09 00:00:00,82 000 ₽/мес.,82000,1 000 ₽,-1000,False
315816443,7 апр 2025,2025-04-07 00:00:00,83 000 ₽/мес.,83000,2 000 ₽,-2000,False
315816443,3 апр 2025,2025-04-03 00:00:00,85 000 ₽/мес.,85000,,,False
315812551,9 апр 2025,2025-04-09 00:00:00,90 000 ₽/мес.,90000,10 000 ₽,-10000,False
315812551,4 апр 2025,2025-04-04 00:00:00,100 000 ₽/мес.,100000,10 000 ₽,-10000,False
315812551,3 апр 2025,2025-04-03 00:00:00,110 000 ₽/мес.,110000,,,False
315810088,10 апр 2025,2025-04-10 00:00:00,95 000 ₽/мес.,95000,3 000 ₽,-3000,False
315810088,9 апр 2025,2025-04-09 00:00:00,98 000 ₽/мес.,98000,2 000 ₽,-2000,False
315810088,4 апр 2025,2025-04-04 00:00:00,100 000 ₽/мес.,100000,10 000 ₽,+10000,True
315810088,4 апр 2025,2025-04-04 00:00:00,90 000 ₽/мес.,90000,25 000 ₽,+25000,True
315810088,3 апр 2025,2025-04-03 00:00:00,65 000 ₽/мес.,65000,5 000 ₽,+5000,True
315810088,3 апр 2025,2025-04-03 00:00:00,60 000 ₽/мес.,60000,,,False
315803397,Сегодня,2025-04-11 00:00:00,80 000 ₽/мес.,80000,5 000 ₽,-5000,False
315803397,9 апр 2025,2025-04-09 00:00:00,85 000 ₽/мес.,85000,5 000 ₽,+5000,True
315803397,5 апр 2025,2025-04-05 00:00:00,80 000 ₽/мес.,80000,5 000 ₽,-5000,False
315803397,3 апр 2025,2025-04-03 00:00:00,85 000 ₽/мес.,85000,,,False
315754970,Сегодня,2025-04-11 00:00:00,63 000 ₽/мес.,63000,2 000 ₽,-2000,False
315754970,2 апр 2025,2025-04-02 00:00:00,65 000 ₽/мес.,65000,,,False
315730547,8 апр 2025,2025-04-08 00:00:00,90 000 ₽/мес.,90000,9 000 ₽,-9000,False
315730547,3 апр 2025,2025-04-03 00:00:00,99 000 ₽/мес.,99000,21 000 ₽,-21000,False
315730547,1 апр 2025,2025-04-01 00:00:00,120 000 ₽/мес.,120000,,,False
315729152,Сегодня,2025-04-11 00:00:00,65 000 ₽/мес.,65000,5 000 ₽,-5000,False
315729152,5 апр 2025,2025-04-05 00:00:00,70 000 ₽/мес.,70000,5 000 ₽,-5000,False
315729152,1 апр 2025,2025-04-01 00:00:00,75 000 ₽/мес.,75000,,,False
315728836,9 апр 2025,2025-04-09 00:00:00,80 000 ₽/мес.,80000,5 000 ₽,-5000,False
315728836,1 апр 2025,2025-04-01 00:00:00,85 000 ₽/мес.,85000,,,False
315713910,Сегодня,2025-04-11 00:00:00,80 000 ₽/мес.,80000,5 000 ₽,-5000,False
315713910,8 апр 2025,2025-04-08 00:00:00,85 000 ₽/мес.,85000,3 000 ₽,-3000,False
315713910,1 апр 2025,2025-04-01 00:00:00,88 000 ₽/мес.,88000,,,False
315700180,1 апр 2025,2025-04-01 00:00:00,55 000 ₽/мес.,55000,4 000 ₽,-4000,False
315700180,1 апр 2025,2025-04-01 00:00:00,59 000 ₽/мес.,59000,4 000 ₽,+4000,True
315700180,1 апр 2025,2025-04-01 00:00:00,55 000 ₽/мес.,55000,4 000 ₽,-4000,False
315700180,1 апр 2025,2025-04-01 00:00:00,59 000 ₽/мес.,59000,,,False
315651956,10 апр 2025,2025-04-10 00:00:00,85 000 ₽/мес.,85000,5 000 ₽,-5000,False
315651956,31 мар 2025,2025-03-31 00:00:00,90 000 ₽/мес.,90000,,,False
315643332,7 апр 2025,2025-04-07 00:00:00,64 000 ₽/мес.,64000,1 000 ₽,-1000,False
315643332,31 мар 2025,2025-03-31 00:00:00,65 000 ₽/мес.,65000,,,False
315632122,1 апр 2025,2025-04-01 00:00:00,75 000 ₽/мес.,75000,5 000 ₽,+5000,True
315632122,31 мар 2025,2025-03-31 00:00:00,70 000 ₽/мес.,70000,,,False
315629964,Сегодня,2025-04-11 00:00:00,75 000 ₽/мес.,75000,5 000 ₽,-5000,False
315629964,31 мар 2025,2025-03-31 00:00:00,80 000 ₽/мес.,80000,,,False
315628189,9 апр 2025,2025-04-09 00:00:00,100 000 ₽/мес.,100000,20 000 ₽,-20000,False
315628189,31 мар 2025,2025-03-31 00:00:00,120 000 ₽/мес.,120000,,,False
315594222,7 апр 2025,2025-04-07 00:00:00,65 000 ₽/мес.,65000,3 000 ₽,-3000,False
315594222,3 апр 2025,2025-04-03 00:00:00,68 000 ₽/мес.,68000,2 000 ₽,-2000,False
315594222,31 мар 2025,2025-03-31 00:00:00,70 000 ₽/мес.,70000,3 000 ₽,-3000,False
315594222,29 мар 2025,2025-03-29 00:00:00,73 000 ₽/мес.,73000,,,False
315587764,3 апр 2025,2025-04-03 00:00:00,75 000 ₽/мес.,75000,5 000 ₽,-5000,False
315587764,29 мар 2025,2025-03-29 00:00:00,80 000 ₽/мес.,80000,,,False
315568674,1 апр 2025,2025-04-01 00:00:00,79 000 ₽/мес.,79000,5 000 ₽,-5000,False
315568674,28 мар 2025,2025-03-28 00:00:00,84 000 ₽/мес.,84000,,,False
315542107,5 апр 2025,2025-04-05 00:00:00,60 000 ₽/мес.,60000,3 000 ₽,+3000,True
315542107,3 апр 2025,2025-04-03 00:00:00,57 000 ₽/мес.,57000,2 000 ₽,-2000,False
315542107,29 мар 2025,2025-03-29 00:00:00,59 000 ₽/мес.,59000,2 000 ₽,+2000,True
315542107,29 мар 2025,2025-03-29 00:00:00,57 000 ₽/мес.,57000,3 000 ₽,-3000,False
315542107,28 мар 2025,2025-03-28 00:00:00,60 000 ₽/мес.,60000,,,False
315511832,27 мар 2025,2025-03-27 00:00:00,39 000 ₽/мес.,39000,1 000 ₽,+1000,True
315511832,27 мар 2025,2025-03-27 00:00:00,38 000 ₽/мес.,38000,,,False
315465032,6 апр 2025,2025-04-06 00:00:00,80 000 ₽/мес.,80000,5 000 ₽,-5000,False
315465032,3 апр 2025,2025-04-03 00:00:00,85 000 ₽/мес.,85000,5 000 ₽,-5000,False
315465032,1 апр 2025,2025-04-01 00:00:00,90 000 ₽/мес.,90000,10 000 ₽,-10000,False
315465032,27 мар 2025,2025-03-27 00:00:00,100 000 ₽/мес.,100000,,,False
315459767,27 мар 2025,2025-03-27 00:00:00,90 000 ₽/мес.,90000,10 000 ₽,-10000,False
315459767,26 мар 2025,2025-03-26 00:00:00,100 000 ₽/мес.,100000,,,False
315451411,31 мар 2025,2025-03-31 00:00:00,95 000 ₽/мес.,95000,5 000 ₽,-5000,False
315451411,26 мар 2025,2025-03-26 00:00:00,100 000 ₽/мес.,100000,,,False
315445673,27 мар 2025,2025-03-27 00:00:00,70 000 ₽/мес.,70000,5 000 ₽,-5000,False
315445673,26 мар 2025,2025-03-26 00:00:00,75 000 ₽/мес.,75000,,,False
315443864,31 мар 2025,2025-03-31 00:00:00,80 000 ₽/мес.,80000,10 000 ₽,-10000,False
315443864,28 мар 2025,2025-03-28 00:00:00,90 000 ₽/мес.,90000,10 000 ₽,+10000,True
315443864,28 мар 2025,2025-03-28 00:00:00,80 000 ₽/мес.,80000,10 000 ₽,-10000,False
315443864,26 мар 2025,2025-03-26 00:00:00,90 000 ₽/мес.,90000,,,False
315391921,10 апр 2025,2025-04-10 00:00:00,95 000 ₽/мес.,95000,3 000 ₽,-3000,False
315391921,3 апр 2025,2025-04-03 00:00:00,98 000 ₽/мес.,98000,2 000 ₽,-2000,False
315391921,27 мар 2025,2025-03-27 00:00:00,100 000 ₽/мес.,100000,5 000 ₽,-5000,False
315391921,25 мар 2025,2025-03-25 00:00:00,105 000 ₽/мес.,105000,,,False
315351421,1 апр 2025,2025-04-01 00:00:00,95 000 ₽/мес.,95000,5 000 ₽,-5000,False
315351421,24 мар 2025,2025-03-24 00:00:00,100 000 ₽/мес.,100000,,,False
315314773,6 апр 2025,2025-04-06 00:00:00,90 000 ₽/мес.,90000,10 000 ₽,-10000,False
315314773,23 мар 2025,2025-03-23 00:00:00,100 000 ₽/мес.,100000,,,False
315304762,5 апр 2025,2025-04-05 00:00:00,80 000 ₽/мес.,80000,5 000 ₽,-5000,False
315304762,2 апр 2025,2025-04-02 00:00:00,85 000 ₽/мес.,85000,5 000 ₽,-5000,False
315304762,31 мар 2025,2025-03-31 00:00:00,90 000 ₽/мес.,90000,5 000 ₽,-5000,False
315304762,29 мар 2025,2025-03-29 00:00:00,95 000 ₽/мес.,95000,,,False
315283350,3 апр 2025,2025-04-03 00:00:00,99 000 ₽/мес.,99000,10 000 ₽,+10000,True
315283350,26 мар 2025,2025-03-26 00:00:00,89 000 ₽/мес.,89000,10 000 ₽,-10000,False
315283350,22 мар 2025,2025-03-22 00:00:00,99 000 ₽/мес.,99000,,,False
315268246,2 апр 2025,2025-04-02 00:00:00,70 000 ₽/мес.,70000,5 000 ₽,-5000,False
315268246,28 мар 2025,2025-03-28 00:00:00,75 000 ₽/мес.,75000,5 000 ₽,-5000,False
315268246,27 мар 2025,2025-03-27 00:00:00,80 000 ₽/мес.,80000,5 000 ₽,-5000,False
315268246,23 мар 2025,2025-03-23 00:00:00,85 000 ₽/мес.,85000,5 000 ₽,-5000,False
315268246,21 мар 2025,2025-03-21 00:00:00,90 000 ₽/мес.,90000,,,False
315254874,8 апр 2025,2025-04-08 00:00:00,68 000 ₽/мес.,68000,2 000 ₽,-2000,False
315254874,31 мар 2025,2025-03-31 00:00:00,70 000 ₽/мес.,70000,5 000 ₽,-5000,False
315254874,21 мар 2025,2025-03-21 00:00:00,75 000 ₽/мес.,75000,,,False
315248123,5 апр 2025,2025-04-05 00:00:00,90 000 ₽/мес.,90000,5 000 ₽,-5000,False
315248123,21 мар 2025,2025-03-21 00:00:00,95 000 ₽/мес.,95000,,,False
315247918,24 мар 2025,2025-03-24 00:00:00,55 000 ₽/мес.,55000,5 000 ₽,-5000,False
315247918,24 мар 2025,2025-03-24 00:00:00,60 000 ₽/мес.,60000,,,False
315211862,31 мар 2025,2025-03-31 00:00:00,85 000 ₽/мес.,85000,10 000 ₽,-10000,False
315211862,22 мар 2025,2025-03-22 00:00:00,95 000 ₽/мес.,95000,5 000 ₽,-5000,False
315211862,20 мар 2025,2025-03-20 00:00:00,100 000 ₽/мес.,100000,,,False
315200544,31 мар 2025,2025-03-31 00:00:00,80 000 ₽/мес.,80000,5 000 ₽,-5000,False
315200544,20 мар 2025,2025-03-20 00:00:00,85 000 ₽/мес.,85000,,,False
315129735,9 апр 2025,2025-04-09 00:00:00,80 000 ₽/мес.,80000,2 000 ₽,-2000,False
315129735,8 апр 2025,2025-04-08 00:00:00,82 000 ₽/мес.,82000,3 000 ₽,-3000,False
315129735,19 мар 2025,2025-03-19 00:00:00,85 000 ₽/мес.,85000,,,False
315111390,31 мар 2025,2025-03-31 00:00:00,83 000 ₽/мес.,83000,2 000 ₽,-2000,False
315111390,25 мар 2025,2025-03-25 00:00:00,85 000 ₽/мес.,85000,5 000 ₽,-5000,False
315111390,18 мар 2025,2025-03-18 00:00:00,90 000 ₽/мес.,90000,,,False
315097776,8 апр 2025,2025-04-08 00:00:00,100 000 ₽/мес.,100000,10 000 ₽,-10000,False
315097776,18 мар 2025,2025-03-18 00:00:00,110 000 ₽/мес.,110000,,,False
315083863,1 апр 2025,2025-04-01 00:00:00,65 000 ₽/мес.,65000,2 000 ₽,-2000,False
315083863,19 мар 2025,2025-03-19 00:00:00,67 000 ₽/мес.,67000,3 000 ₽,-3000,False
315083863,18 мар 2025,2025-03-18 00:00:00,70 000 ₽/мес.,70000,,,False
315036193,18 мар 2025,2025-03-18 00:00:00,70 000 ₽/мес.,70000,10 000 ₽,-10000,False
315036193,17 мар 2025,2025-03-17 00:00:00,80 000 ₽/мес.,80000,,,False
315027467,20 мар 2025,2025-03-20 00:00:00,75 000 ₽/мес.,75000,5 000 ₽,-5000,False
315027467,17 мар 2025,2025-03-17 00:00:00,80 000 ₽/мес.,80000,,,False
315022739,Сегодня,2025-04-11 00:00:00,85 000 ₽/мес.,85000,5 000 ₽,-5000,False
315022739,5 апр 2025,2025-04-05 00:00:00,90 000 ₽/мес.,90000,5 000 ₽,+5000,True
315022739,1 апр 2025,2025-04-01 00:00:00,85 000 ₽/мес.,85000,5 000 ₽,-5000,False
315022739,31 мар 2025,2025-03-31 00:00:00,90 000 ₽/мес.,90000,5 000 ₽,+5000,True
315022739,31 мар 2025,2025-03-31 00:00:00,85 000 ₽/мес.,85000,5 000 ₽,-5000,False
315022739,30 мар 2025,2025-03-30 00:00:00,90 000 ₽/мес.,90000,5 000 ₽,+5000,True
315022739,28 мар 2025,2025-03-28 00:00:00,85 000 ₽/мес.,85000,5 000 ₽,-5000,False
315022739,17 мар 2025,2025-03-17 00:00:00,90 000 ₽/мес.,90000,,,False
315006192,31 мар 2025,2025-03-31 00:00:00,85 000 ₽/мес.,85000,5 000 ₽,-5000,False
315006192,16 мар 2025,2025-03-16 00:00:00,90 000 ₽/мес.,90000,,,False
315002966,7 апр 2025,2025-04-07 00:00:00,80 000 ₽/мес.,80000,5 000 ₽,-5000,False
315002966,16 мар 2025,2025-03-16 00:00:00,85 000 ₽/мес.,85000,,,False
314996951,3 апр 2025,2025-04-03 00:00:00,100 000 ₽/мес.,100000,20 000 ₽,-20000,False
314996951,16 мар 2025,2025-03-16 00:00:00,120 000 ₽/мес.,120000,,,False
314972514,20 мар 2025,2025-03-20 00:00:00,75 000 ₽/мес.,75000,2 000 ₽,-2000,False
314972514,15 мар 2025,2025-03-15 00:00:00,77 000 ₽/мес.,77000,,,False
314946175,17 мар 2025,2025-03-17 00:00:00,80 000 ₽/мес.,80000,5 000 ₽,-5000,False
314946175,14 мар 2025,2025-03-14 00:00:00,85 000 ₽/мес.,85000,,,False
314946091,7 апр 2025,2025-04-07 00:00:00,100 000 ₽/мес.,100000,10 000 ₽,-10000,False
314946091,14 мар 2025,2025-03-14 00:00:00,110 000 ₽/мес.,110000,,,False
314945210,19 мар 2025,2025-03-19 00:00:00,85 000 ₽/мес.,85000,5 000 ₽,-5000,False
314945210,14 мар 2025,2025-03-14 00:00:00,90 000 ₽/мес.,90000,,,False
314941425,24 мар 2025,2025-03-24 00:00:00,85 000 ₽/мес.,85000,1 000 ₽,-1000,False
314941425,19 мар 2025,2025-03-19 00:00:00,86 000 ₽/мес.,86000,6 000 ₽,-6000,False
314941425,14 мар 2025,2025-03-14 00:00:00,92 000 ₽/мес.,92000,,,False
314935905,1 апр 2025,2025-04-01 00:00:00,90 000 ₽/мес.,90000,3 000 ₽,-3000,False
314935905,28 мар 2025,2025-03-28 00:00:00,93 000 ₽/мес.,93000,2 000 ₽,-2000,False
314935905,25 мар 2025,2025-03-25 00:00:00,95 000 ₽/мес.,95000,2 000 ₽,-2000,False
314935905,23 мар 2025,2025-03-23 00:00:00,97 000 ₽/мес.,97000,3 000 ₽,-3000,False
314935905,15 мар 2025,2025-03-15 00:00:00,100 000 ₽/мес.,100000,10 000 ₽,-10000,False
314935905,14 мар 2025,2025-03-14 00:00:00,110 000 ₽/мес.,110000,,,False
314934705,8 апр 2025,2025-04-08 00:00:00,80 000 ₽/мес.,80000,5 000 ₽,-5000,False
314934705,20 мар 2025,2025-03-20 00:00:00,85 000 ₽/мес.,85000,5 000 ₽,-5000,False
314934705,14 мар 2025,2025-03-14 00:00:00,90 000 ₽/мес.,90000,,,False
314900735,24 мар 2025,2025-03-24 00:00:00,100 000 ₽/мес.,100000,10 000 ₽,-10000,False
314900735,22 мар 2025,2025-03-22 00:00:00,110 000 ₽/мес.,110000,10 000 ₽,-10000,False
314900735,18 мар 2025,2025-03-18 00:00:00,120 000 ₽/мес.,120000,3 000 ₽,-3000,False
314900735,13 мар 2025,2025-03-13 00:00:00,123 000 ₽/мес.,123000,,,False
314897737,8 апр 2025,2025-04-08 00:00:00,81 000 ₽/мес.,81000,4 000 ₽,-4000,False
314897737,13 мар 2025,2025-03-13 00:00:00,85 000 ₽/мес.,85000,,,False
314892346,7 апр 2025,2025-04-07 00:00:00,90 000 ₽/мес.,90000,5 000 ₽,-5000,False
314892346,20 мар 2025,2025-03-20 00:00:00,95 000 ₽/мес.,95000,10 000 ₽,-10000,False
314892346,19 мар 2025,2025-03-19 00:00:00,105 000 ₽/мес.,105000,10 000 ₽,+10000,True
314892346,17 мар 2025,2025-03-17 00:00:00,95 000 ₽/мес.,95000,10 000 ₽,-10000,False
314892346,13 мар 2025,2025-03-13 00:00:00,105 000 ₽/мес.,105000,,,False
314886750,21 мар 2025,2025-03-21 00:00:00,75 000 ₽/мес.,75000,5 000 ₽,-5000,False
314886750,13 мар 2025,2025-03-13 00:00:00,80 000 ₽/мес.,80000,,,False
314875890,26 мар 2025,2025-03-26 00:00:00,75 000 ₽/мес.,75000,5 000 ₽,-5000,False
314875890,15 мар 2025,2025-03-15 00:00:00,80 000 ₽/мес.,80000,5 000 ₽,+5000,True
314875890,15 мар 2025,2025-03-15 00:00:00,75 000 ₽/мес.,75000,5 000 ₽,-5000,False
314875890,13 мар 2025,2025-03-13 00:00:00,80 000 ₽/мес.,80000,,,False
314849209,20 мар 2025,2025-03-20 00:00:00,75 000 ₽/мес.,75000,2 000 ₽,-2000,False
314849209,12 мар 2025,2025-03-12 00:00:00,77 000 ₽/мес.,77000,,,False
314823008,12 мар 2025,2025-03-12 00:00:00,40 000 ₽/мес.,40000,5 000 ₽,-5000,False
314823008,12 мар 2025,2025-03-12 00:00:00,45 000 ₽/мес.,45000,,,False
314796069,10 апр 2025,2025-04-10 00:00:00,83 000 ₽/мес.,83000,2 000 ₽,-2000,False
314796069,11 мар 2025,2025-03-11 00:00:00,85 000 ₽/мес.,85000,,,False
314782839,7 апр 2025,2025-04-07 00:00:00,80 000 ₽/мес.,80000,5 000 ₽,-5000,False
314782839,24 мар 2025,2025-03-24 00:00:00,85 000 ₽/мес.,85000,5 000 ₽,-5000,False
314782839,14 мар 2025,2025-03-14 00:00:00,90 000 ₽/мес.,90000,10 000 ₽,-10000,False
314782839,11 мар 2025,2025-03-11 00:00:00,100 000 ₽/мес.,100000,,,False
314697512,9 апр 2025,2025-04-09 00:00:00,100 000 ₽/мес.,100000,5 000 ₽,-5000,False
314697512,8 апр 2025,2025-04-08 00:00:00,105 000 ₽/мес.,105000,5 000 ₽,-5000,False
314697512,9 мар 2025,2025-03-09 00:00:00,110 000 ₽/мес.,110000,,,False
314676517,26 мар 2025,2025-03-26 00:00:00,89 990 ₽/мес.,89990,5 000 ₽,-5000,False
314676517,23 мар 2025,2025-03-23 00:00:00,94 990 ₽/мес.,94990,2 000 ₽,-2000,False
314676517,22 мар 2025,2025-03-22 00:00:00,96 990 ₽/мес.,96990,3 000 ₽,-3000,False
314676517,22 мар 2025,2025-03-22 00:00:00,99 990 ₽/мес.,99990,1 000 ₽,+1000,True
314676517,21 мар 2025,2025-03-21 00:00:00,98 990 ₽/мес.,98990,1 000 ₽,-1000,False
314676517,20 мар 2025,2025-03-20 00:00:00,99 990 ₽/мес.,99990,4 910 ₽,-4910,False
314676517,19 мар 2025,2025-03-19 00:00:00,104 900 ₽/мес.,104900,3 000 ₽,-3000,False
314676517,18 мар 2025,2025-03-18 00:00:00,107 900 ₽/мес.,107900,2 000 ₽,-2000,False
314676517,17 мар 2025,2025-03-17 00:00:00,109 900 ₽/мес.,109900,5 000 ₽,-5000,False
314676517,16 мар 2025,2025-03-16 00:00:00,114 900 ₽/мес.,114900,2 000 ₽,-2000,False
314676517,16 мар 2025,2025-03-16 00:00:00,116 900 ₽/мес.,116900,1 000 ₽,-1000,False
314676517,15 мар 2025,2025-03-15 00:00:00,117 900 ₽/мес.,117900,2 000 ₽,-2000,False
314676517,11 мар 2025,2025-03-11 00:00:00,119 900 ₽/мес.,119900,100 ₽,-100,False
314676517,9 мар 2025,2025-03-09 00:00:00,120 000 ₽/мес.,120000,,,False
314551242,10 апр 2025,2025-04-10 00:00:00,97 000 ₽/мес.,97000,3 000 ₽,-3000,False
314551242,4 апр 2025,2025-04-04 00:00:00,100 000 ₽/мес.,100000,2 000 ₽,+2000,True
314551242,27 мар 2025,2025-03-27 00:00:00,98 000 ₽/мес.,98000,7 000 ₽,-7000,False
314551242,12 мар 2025,2025-03-12 00:00:00,105 000 ₽/мес.,105000,5 000 ₽,+5000,True
314551242,5 мар 2025,2025-03-05 00:00:00,100 000 ₽/мес.,100000,,,False
314525238,6 апр 2025,2025-04-06 00:00:00,78 000 ₽/мес.,78000,2 000 ₽,-2000,False
314525238,5 мар 2025,2025-03-05 00:00:00,80 000 ₽/мес.,80000,,,False
314525237,6 апр 2025,2025-04-06 00:00:00,78 000 ₽/мес.,78000,2 000 ₽,-2000,False
314525237,5 мар 2025,2025-03-05 00:00:00,80 000 ₽/мес.,80000,,,False
314492366,9 апр 2025,2025-04-09 00:00:00,100 000 ₽/мес.,100000,10 000 ₽,-10000,False
314492366,31 мар 2025,2025-03-31 00:00:00,110 000 ₽/мес.,110000,10 000 ₽,-10000,False
314492366,4 мар 2025,2025-03-04 00:00:00,120 000 ₽/мес.,120000,,,False
314471098,28 мар 2025,2025-03-28 00:00:00,80 000 ₽/мес.,80000,5 000 ₽,-5000,False
314471098,4 мар 2025,2025-03-04 00:00:00,85 000 ₽/мес.,85000,,,False
314452113,8 апр 2025,2025-04-08 00:00:00,77 000 ₽/мес.,77000,5 000 ₽,-5000,False
314452113,27 мар 2025,2025-03-27 00:00:00,82 000 ₽/мес.,82000,2 000 ₽,+2000,True
314452113,26 мар 2025,2025-03-26 00:00:00,80 000 ₽/мес.,80000,10 000 ₽,-10000,False
314452113,3 мар 2025,2025-03-03 00:00:00,90 000 ₽/мес.,90000,,,False
314390462,4 апр 2025,2025-04-04 00:00:00,68 000 ₽/мес.,68000,2 000 ₽,-2000,False
314390462,20 мар 2025,2025-03-20 00:00:00,70 000 ₽/мес.,70000,5 000 ₽,-5000,False
314390462,15 мар 2025,2025-03-15 00:00:00,75 000 ₽/мес.,75000,3 000 ₽,-3000,False
314390462,10 мар 2025,2025-03-10 00:00:00,78 000 ₽/мес.,78000,2 000 ₽,-2000,False
314390462,3 мар 2025,2025-03-03 00:00:00,80 000 ₽/мес.,80000,,,False
314373441,10 апр 2025,2025-04-10 00:00:00,75 000 ₽/мес.,75000,69 000 ₽,+69000,True
314373441,2 мар 2025,2025-03-02 00:00:00,6 000 ₽/мес.,6000,,,False
314330220,6 мар 2025,2025-03-06 00:00:00,65 000 ₽/мес.,65000,5 000 ₽,-5000,False
314330220,28 фев 2025,2025-02-28 00:00:00,70 000 ₽/мес.,70000,,,False
314329494,31 мар 2025,2025-03-31 00:00:00,80 000 ₽/мес.,80000,5 000 ₽,-5000,False
314329494,14 мар 2025,2025-03-14 00:00:00,85 000 ₽/мес.,85000,5 000 ₽,-5000,False
314329494,2 мар 2025,2025-03-02 00:00:00,90 000 ₽/мес.,90000,5 000 ₽,+5000,True
314329494,28 фев 2025,2025-02-28 00:00:00,85 000 ₽/мес.,85000,,,False
314327404,9 апр 2025,2025-04-09 00:00:00,90 000 ₽/мес.,90000,5 000 ₽,-5000,False
314327404,24 мар 2025,2025-03-24 00:00:00,95 000 ₽/мес.,95000,10 000 ₽,-10000,False
314327404,28 фев 2025,2025-02-28 00:00:00,105 000 ₽/мес.,105000,,,False
314317233,2 апр 2025,2025-04-02 00:00:00,90 000 ₽/мес.,90000,5 000 ₽,+5000,True
314317233,28 фев 2025,2025-02-28 00:00:00,85 000 ₽/мес.,85000,5 000 ₽,+5000,True
314317233,28 фев 2025,2025-02-28 00:00:00,80 000 ₽/мес.,80000,,,False
314237628,6 апр 2025,2025-04-06 00:00:00,100 000 ₽/мес.,100000,20 000 ₽,-20000,False
314237628,27 фев 2025,2025-02-27 00:00:00,120 000 ₽/мес.,120000,,,False
314199354,14 мар 2025,2025-03-14 00:00:00,80 000 ₽/мес.,80000,10 000 ₽,-10000,False
314199354,26 фев 2025,2025-02-26 00:00:00,90 000 ₽/мес.,90000,,,False
314174040,24 мар 2025,2025-03-24 00:00:00,99 900 ₽/мес.,99900,5 100 ₽,-5100,False
314174040,11 мар 2025,2025-03-11 00:00:00,105 000 ₽/мес.,105000,5 000 ₽,-5000,False
314174040,25 фев 2025,2025-02-25 00:00:00,110 000 ₽/мес.,110000,,,False
314152463,17 мар 2025,2025-03-17 00:00:00,75 000 ₽/мес.,75000,5 000 ₽,-5000,False
314152463,25 фев 2025,2025-02-25 00:00:00,80 000 ₽/мес.,80000,,,False
314094610,5 апр 2025,2025-04-05 00:00:00,85 000 ₽/мес.,85000,5 000 ₽,-5000,False
314094610,10 мар 2025,2025-03-10 00:00:00,90 000 ₽/мес.,90000,20 000 ₽,-20000,False
314094610,24 фев 2025,2025-02-24 00:00:00,110 000 ₽/мес.,110000,,,False
314032658,7 апр 2025,2025-04-07 00:00:00,75 000 ₽/мес.,75000,3 000 ₽,-3000,False
314032658,31 мар 2025,2025-03-31 00:00:00,78 000 ₽/мес.,78000,2 000 ₽,-2000,False
314032658,27 мар 2025,2025-03-27 00:00:00,80 000 ₽/мес.,80000,2 000 ₽,-2000,False
314032658,22 фев 2025,2025-02-22 00:00:00,82 000 ₽/мес.,82000,,,False
314011077,27 мар 2025,2025-03-27 00:00:00,90 000 ₽/мес.,90000,5 000 ₽,-5000,False
314011077,21 фев 2025,2025-02-21 00:00:00,95 000 ₽/мес.,95000,,,False
313976180,11 мар 2025,2025-03-11 00:00:00,90 000 ₽/мес.,90000,10 000 ₽,-10000,False
313976180,21 фев 2025,2025-02-21 00:00:00,100 000 ₽/мес.,100000,,,False
313904478,17 мар 2025,2025-03-17 00:00:00,80 000 ₽/мес.,80000,5 000 ₽,-5000,False
313904478,19 фев 2025,2025-02-19 00:00:00,85 000 ₽/мес.,85000,,,False
313864937,27 мар 2025,2025-03-27 00:00:00,75 000 ₽/мес.,75000,5 000 ₽,-5000,False
313864937,18 фев 2025,2025-02-18 00:00:00,80 000 ₽/мес.,80000,,,False
313729695,8 апр 2025,2025-04-08 00:00:00,90 000 ₽/мес.,90000,10 000 ₽,-10000,False
313729695,13 мар 2025,2025-03-13 00:00:00,100 000 ₽/мес.,100000,10 000 ₽,-10000,False
313729695,15 фев 2025,2025-02-15 00:00:00,110 000 ₽/мес.,110000,,,False
313689777,31 мар 2025,2025-03-31 00:00:00,65 000 ₽/мес.,65000,5 000 ₽,-5000,False
313689777,6 мар 2025,2025-03-06 00:00:00,70 000 ₽/мес.,70000,2 000 ₽,-2000,False
313689777,20 фев 2025,2025-02-20 00:00:00,72 000 ₽/мес.,72000,3 000 ₽,-3000,False
313689777,14 фев 2025,2025-02-14 00:00:00,75 000 ₽/мес.,75000,,,False
313492003,22 мар 2025,2025-03-22 00:00:00,73 000 ₽/мес.,73000,2 000 ₽,-2000,False
313492003,13 мар 2025,2025-03-13 00:00:00,75 000 ₽/мес.,75000,2 000 ₽,-2000,False
313492003,21 фев 2025,2025-02-21 00:00:00,77 000 ₽/мес.,77000,3 000 ₽,-3000,False
313492003,10 фев 2025,2025-02-10 00:00:00,80 000 ₽/мес.,80000,,,False
313445775,8 апр 2025,2025-04-08 00:00:00,100 000 ₽/мес.,100000,5 000 ₽,-5000,False
313445775,27 мар 2025,2025-03-27 00:00:00,105 000 ₽/мес.,105000,4 990 ₽,-4990,False
313445775,28 фев 2025,2025-02-28 00:00:00,109 990 ₽/мес.,109990,5 000 ₽,-5000,False
313445775,20 фев 2025,2025-02-20 00:00:00,114 990 ₽/мес.,114990,10 ₽,-10,False
313445775,17 фев 2025,2025-02-17 00:00:00,115 000 ₽/мес.,115000,5 000 ₽,-5000,False
313445775,9 фев 2025,2025-02-09 00:00:00,120 000 ₽/мес.,120000,,,False
313417253,10 фев 2025,2025-02-10 00:00:00,65 000 ₽/мес.,65000,5 000 ₽,-5000,False
313417253,8 фев 2025,2025-02-08 00:00:00,70 000 ₽/мес.,70000,,,False
313335975,22 фев 2025,2025-02-22 00:00:00,90 000 ₽/мес.,90000,5 000 ₽,-5000,False
313335975,6 фев 2025,2025-02-06 00:00:00,95 000 ₽/мес.,95000,,,False
313233516,31 мар 2025,2025-03-31 00:00:00,90 000 ₽/мес.,90000,2 000 ₽,-2000,False
313233516,11 мар 2025,2025-03-11 00:00:00,92 000 ₽/мес.,92000,6 000 ₽,-6000,False
313233516,9 мар 2025,2025-03-09 00:00:00,98 000 ₽/мес.,98000,3 000 ₽,+3000,True
313233516,27 фев 2025,2025-02-27 00:00:00,95 000 ₽/мес.,95000,3 000 ₽,-3000,False
313233516,4 фев 2025,2025-02-04 00:00:00,98 000 ₽/мес.,98000,,,False
313202144,27 мар 2025,2025-03-27 00:00:00,50 000 ₽/мес.,50000,5 000 ₽,-5000,False
313202144,3 фев 2025,2025-02-03 00:00:00,55 000 ₽/мес.,55000,,,False
313007740,13 мар 2025,2025-03-13 00:00:00,70 000 ₽/мес.,70000,2 000 ₽,-2000,False
313007740,10 мар 2025,2025-03-10 00:00:00,72 000 ₽/мес.,72000,3 000 ₽,-3000,False
313007740,12 фев 2025,2025-02-12 00:00:00,75 000 ₽/мес.,75000,5 000 ₽,-5000,False
313007740,3 фев 2025,2025-02-03 00:00:00,80 000 ₽/мес.,80000,,,False
312803227,9 фев 2025,2025-02-09 00:00:00,82 000 ₽/мес.,82000,3 000 ₽,-3000,False
312803227,30 янв 2025,2025-01-30 00:00:00,85 000 ₽/мес.,85000,5 000 ₽,-5000,False
312803227,25 янв 2025,2025-01-25 00:00:00,90 000 ₽/мес.,90000,,,False
312685160,27 фев 2025,2025-02-27 00:00:00,75 000 ₽/мес.,75000,5 000 ₽,-5000,False
312685160,13 фев 2025,2025-02-13 00:00:00,80 000 ₽/мес.,80000,5 000 ₽,-5000,False
312685160,22 янв 2025,2025-01-22 00:00:00,85 000 ₽/мес.,85000,,,False
312677059,31 мар 2025,2025-03-31 00:00:00,80 000 ₽/мес.,80000,5 000 ₽,-5000,False
312677059,24 фев 2025,2025-02-24 00:00:00,85 000 ₽/мес.,85000,5 000 ₽,-5000,False
312677059,4 фев 2025,2025-02-04 00:00:00,90 000 ₽/мес.,90000,10 000 ₽,-10000,False
312677059,2 фев 2025,2025-02-02 00:00:00,100 000 ₽/мес.,100000,10 000 ₽,+10000,True
312677059,27 янв 2025,2025-01-27 00:00:00,90 000 ₽/мес.,90000,10 000 ₽,-10000,False
312677059,22 янв 2025,2025-01-22 00:00:00,100 000 ₽/мес.,100000,,,False
312673761,8 апр 2025,2025-04-08 00:00:00,81 000 ₽/мес.,81000,4 000 ₽,-4000,False
312673761,12 мар 2025,2025-03-12 00:00:00,85 000 ₽/мес.,85000,5 000 ₽,-5000,False
312673761,17 фев 2025,2025-02-17 00:00:00,90 000 ₽/мес.,90000,10 000 ₽,-10000,False
312673761,1 фев 2025,2025-02-01 00:00:00,100 000 ₽/мес.,100000,5 000 ₽,-5000,False
312673761,22 янв 2025,2025-01-22 00:00:00,105 000 ₽/мес.,105000,,,False
312625442,13 мар 2025,2025-03-13 00:00:00,100 000 ₽/мес.,100000,10 000 ₽,-10000,False
312625442,31 янв 2025,2025-01-31 00:00:00,110 000 ₽/мес.,110000,5 000 ₽,-5000,False
312625442,29 янв 2025,2025-01-29 00:00:00,115 000 ₽/мес.,115000,5 000 ₽,-5000,False
312625442,21 янв 2025,2025-01-21 00:00:00,120 000 ₽/мес.,120000,,,False
312488327,1 апр 2025,2025-04-01 00:00:00,70 000 ₽/мес.,70000,10 000 ₽,-10000,False
312488327,21 мар 2025,2025-03-21 00:00:00,80 000 ₽/мес.,80000,5 000 ₽,+5000,True
312488327,11 мар 2025,2025-03-11 00:00:00,75 000 ₽/мес.,75000,5 000 ₽,+5000,True
312488327,31 янв 2025,2025-01-31 00:00:00,70 000 ₽/мес.,70000,10 000 ₽,-10000,False
312488327,17 янв 2025,2025-01-17 00:00:00,80 000 ₽/мес.,80000,,,False
312246667,3 апр 2025,2025-04-03 00:00:00,85 000 ₽/мес.,85000,5 000 ₽,-5000,False
312246667,3 мар 2025,2025-03-03 00:00:00,90 000 ₽/мес.,90000,5 000 ₽,-5000,False
312246667,13 янв 2025,2025-01-13 00:00:00,95 000 ₽/мес.,95000,,,False
311914396,4 апр 2025,2025-04-04 00:00:00,80 000 ₽/мес.,80000,5 000 ₽,-5000,False
311914396,4 апр 2025,2025-04-04 00:00:00,85 000 ₽/мес.,85000,5 000 ₽,-5000,False
311914396,9 янв 2025,2025-01-09 00:00:00,90 000 ₽/мес.,90000,10 000 ₽,-10000,False
311914396,2 янв 2025,2025-01-02 00:00:00,100 000 ₽/мес.,100000,,,False
311802061,29 дек 2024,2024-12-29 00:00:00,80 000 ₽/мес.,80000,5 000 ₽,-5000,False
311802061,28 дек 2024,2024-12-28 00:00:00,85 000 ₽/мес.,85000,,,False
311665244,10 мар 2025,2025-03-10 00:00:00,90 000 ₽/мес.,90000,5 000 ₽,-5000,False
311665244,6 фев 2025,2025-02-06 00:00:00,95 000 ₽/мес.,95000,5 000 ₽,-5000,False
311665244,24 дек 2024,2024-12-24 00:00:00,100 000 ₽/мес.,100000,,,False
311659644,27 мар 2025,2025-03-27 00:00:00,85 000 ₽/мес.,85000,5 000 ₽,-5000,False
311659644,24 мар 2025,2025-03-24 00:00:00,90 000 ₽/мес.,90000,5 000 ₽,-5000,False
311659644,5 фев 2025,2025-02-05 00:00:00,95 000 ₽/мес.,95000,5 000 ₽,-5000,False
311659644,24 дек 2024,2024-12-24 00:00:00,100 000 ₽/мес.,100000,,,False
311528816,9 апр 2025,2025-04-09 00:00:00,70 000 ₽/мес.,70000,2 000 ₽,-2000,False
311528816,9 янв 2025,2025-01-09 00:00:00,72 000 ₽/мес.,72000,3 000 ₽,-3000,False
311528816,1 янв 2025,2025-01-01 00:00:00,75 000 ₽/мес.,75000,3 000 ₽,-3000,False
311528816,24 дек 2024,2024-12-24 00:00:00,78 000 ₽/мес.,78000,2 000 ₽,-2000,False
311528816,20 дек 2024,2024-12-20 00:00:00,80 000 ₽/мес.,80000,,,False
310792342,10 мар 2025,2025-03-10 00:00:00,99 000 ₽/мес.,99000,1 000 ₽,-1000,False
310792342,13 янв 2025,2025-01-13 00:00:00,100 000 ₽/мес.,100000,10 000 ₽,-10000,False
310792342,5 дек 2024,2024-12-05 00:00:00,110 000 ₽/мес.,110000,10 000 ₽,-10000,False
310792342,3 дек 2024,2024-12-03 00:00:00,120 000 ₽/мес.,120000,,,False
310660324,1 апр 2025,2025-04-01 00:00:00,90 000 ₽/мес.,90000,5 000 ₽,-5000,False
310660324,12 мар 2025,2025-03-12 00:00:00,95 000 ₽/мес.,95000,5 000 ₽,+5000,True
310660324,14 дек 2024,2024-12-14 00:00:00,90 000 ₽/мес.,90000,5 000 ₽,+5000,True
310660324,12 дек 2024,2024-12-12 00:00:00,85 000 ₽/мес.,85000,5 000 ₽,-5000,False
310660324,9 дек 2024,2024-12-09 00:00:00,90 000 ₽/мес.,90000,5 000 ₽,-5000,False
310660324,6 дек 2024,2024-12-06 00:00:00,95 000 ₽/мес.,95000,10 000 ₽,-10000,False
310660324,3 дек 2024,2024-12-03 00:00:00,105 000 ₽/мес.,105000,15 000 ₽,-15000,False
310660324,30 ноя 2024,2024-11-30 00:00:00,120 000 ₽/мес.,120000,,,False
310597962,14 фев 2025,2025-02-14 00:00:00,90 000 ₽/мес.,90000,5 000 ₽,-5000,False
310597962,12 дек 2024,2024-12-12 00:00:00,95 000 ₽/мес.,95000,10 000 ₽,-10000,False
310597962,29 ноя 2024,2024-11-29 00:00:00,105 000 ₽/мес.,105000,,,False
310193855,16 дек 2024,2024-12-16 00:00:00,90 000 ₽/мес.,90000,5 000 ₽,-5000,False
310193855,26 ноя 2024,2024-11-26 00:00:00,95 000 ₽/мес.,95000,5 000 ₽,-5000,False
310193855,20 ноя 2024,2024-11-20 00:00:00,100 000 ₽/мес.,100000,,,False
310168993,7 апр 2025,2025-04-07 00:00:00,90 000 ₽/мес.,90000,5 000 ₽,+5000,True
310168993,26 ноя 2024,2024-11-26 00:00:00,85 000 ₽/мес.,85000,5 000 ₽,-5000,False
310168993,19 ноя 2024,2024-11-19 00:00:00,90 000 ₽/мес.,90000,,,False
310070287,21 фев 2025,2025-02-21 00:00:00,95 000 ₽/мес.,95000,10 000 ₽,+10000,True
310070287,17 фев 2025,2025-02-17 00:00:00,85 000 ₽/мес.,85000,3 000 ₽,-3000,False
310070287,12 фев 2025,2025-02-12 00:00:00,88 000 ₽/мес.,88000,2 000 ₽,-2000,False
310070287,27 янв 2025,2025-01-27 00:00:00,90 000 ₽/мес.,90000,5 000 ₽,-5000,False
310070287,20 янв 2025,2025-01-20 00:00:00,95 000 ₽/мес.,95000,5 000 ₽,-5000,False
310070287,18 ноя 2024,2024-11-18 00:00:00,100 000 ₽/мес.,100000,,,False
309980505,1 апр 2025,2025-04-01 00:00:00,75 000 ₽/мес.,75000,5 000 ₽,-5000,False
309980505,21 дек 2024,2024-12-21 00:00:00,80 000 ₽/мес.,80000,5 000 ₽,+5000,True
309980505,20 дек 2024,2024-12-20 00:00:00,75 000 ₽/мес.,75000,5 000 ₽,-5000,False
309980505,9 дек 2024,2024-12-09 00:00:00,80 000 ₽/мес.,80000,5 000 ₽,-5000,False
309980505,19 ноя 2024,2024-11-19 00:00:00,85 000 ₽/мес.,85000,5 000 ₽,+5000,True
309980505,19 ноя 2024,2024-11-19 00:00:00,80 000 ₽/мес.,80000,10 000 ₽,-10000,False
309980505,15 ноя 2024,2024-11-15 00:00:00,90 000 ₽/мес.,90000,,,False
309082584,Сегодня,2025-04-11 00:00:00,87 000 ₽/мес.,87000,3 000 ₽,-3000,False
309082584,4 апр 2025,2025-04-04 00:00:00,90 000 ₽/мес.,90000,2 000 ₽,-2000,False
309082584,2 апр 2025,2025-04-02 00:00:00,92 000 ₽/мес.,92000,1 000 ₽,-1000,False
309082584,28 мар 2025,2025-03-28 00:00:00,93 000 ₽/мес.,93000,2 000 ₽,-2000,False
309082584,25 окт 2024,2024-10-25 00:00:00,95 000 ₽/мес.,95000,,,False
308782939,3 фев 2025,2025-02-03 00:00:00,78 000 ₽/мес.,78000,2 000 ₽,-2000,False
308782939,22 янв 2025,2025-01-22 00:00:00,80 000 ₽/мес.,80000,5 000 ₽,-5000,False
308782939,18 ноя 2024,2024-11-18 00:00:00,85 000 ₽/мес.,85000,3 000 ₽,-3000,False
308782939,21 окт 2024,2024-10-21 00:00:00,88 000 ₽/мес.,88000,2 000 ₽,-2000,False
308782939,18 окт 2024,2024-10-18 00:00:00,90 000 ₽/мес.,90000,,,False
308110692,2 апр 2025,2025-04-02 00:00:00,75 000 ₽/мес.,75000,5 000 ₽,-5000,False
308110692,3 окт 2024,2024-10-03 00:00:00,80 000 ₽/мес.,80000,,,False
308078908,10 апр 2025,2025-04-10 00:00:00,65 000 ₽/мес.,65000,2 000 ₽,+2000,True
308078908,10 апр 2025,2025-04-10 00:00:00,63 000 ₽/мес.,63000,1 000 ₽,+1000,True
308078908,10 апр 2025,2025-04-10 00:00:00,62 000 ₽/мес.,62000,3 000 ₽,-3000,False
308078908,7 окт 2024,2024-10-07 00:00:00,65 000 ₽/мес.,65000,5 000 ₽,+5000,True
308078908,3 окт 2024,2024-10-03 00:00:00,60 000 ₽/мес.,60000,,,False
307385396,30 мар 2025,2025-03-30 00:00:00,65 000 ₽/мес.,65000,5 000 ₽,-5000,False
307385396,26 янв 2025,2025-01-26 00:00:00,70 000 ₽/мес.,70000,5 000 ₽,-5000,False
307385396,23 сен 2024,2024-09-23 00:00:00,75 000 ₽/мес.,75000,5 000 ₽,-5000,False
307385396,16 сен 2024,2024-09-16 00:00:00,80 000 ₽/мес.,80000,,,False
307209504,23 мар 2025,2025-03-23 00:00:00,80 000 ₽/мес.,80000,5 000 ₽,-5000,False
307209504,11 сен 2024,2024-09-11 00:00:00,85 000 ₽/мес.,85000,,,False
307124597,24 янв 2025,2025-01-24 00:00:00,60 000 ₽/мес.,60000,5 000 ₽,-5000,False
307124597,21 янв 2025,2025-01-21 00:00:00,65 000 ₽/мес.,65000,5 000 ₽,-5000,False
307124597,19 янв 2025,2025-01-19 00:00:00,70 000 ₽/мес.,70000,10 000 ₽,+10000,True
307124597,11 сен 2024,2024-09-11 00:00:00,60 000 ₽/мес.,60000,56 300 ₽,+56300,True
307124597,10 сен 2024,2024-09-10 00:00:00,3 700 ₽/мес.,3700,,,False
305903609,11 янв 2025,2025-01-11 00:00:00,60 000 ₽/мес.,60000,5 000 ₽,-5000,False
305903609,6 янв 2025,2025-01-06 00:00:00,65 000 ₽/мес.,65000,62 300 ₽,+62300,True
305903609,26 сен 2024,2024-09-26 00:00:00,2 700 ₽/мес.,2700,200 ₽,+200,True
305903609,20 сен 2024,2024-09-20 00:00:00,2 500 ₽/мес.,2500,200 ₽,-200,False
305903609,15 сен 2024,2024-09-15 00:00:00,2 700 ₽/мес.,2700,200 ₽,+200,True
305903609,13 сен 2024,2024-09-13 00:00:00,2 500 ₽/мес.,2500,200 ₽,-200,False
305903609,8 сен 2024,2024-09-08 00:00:00,2 700 ₽/мес.,2700,200 ₽,+200,True
305903609,6 сен 2024,2024-09-06 00:00:00,2 500 ₽/мес.,2500,300 ₽,-300,False
305903609,5 сен 2024,2024-09-05 00:00:00,2 800 ₽/мес.,2800,200 ₽,-200,False
305903609,19 авг 2024,2024-08-19 00:00:00,3 000 ₽/мес.,3000,500 ₽,+500,True
305903609,13 авг 2024,2024-08-13 00:00:00,2 500 ₽/мес.,2500,,,False
305603631,9 апр 2025,2025-04-09 00:00:00,100 000 ₽/мес.,100000,10 000 ₽,-10000,False
305603631,2 апр 2025,2025-04-02 00:00:00,110 000 ₽/мес.,110000,10 000 ₽,+10000,True
305603631,2 сен 2024,2024-09-02 00:00:00,100 000 ₽/мес.,100000,10 000 ₽,-10000,False
305603631,5 авг 2024,2024-08-05 00:00:00,110 000 ₽/мес.,110000,,,False
304830595,9 апр 2025,2025-04-09 00:00:00,85 000 ₽/мес.,85000,5 000 ₽,-5000,False
304830595,19 мар 2025,2025-03-19 00:00:00,90 000 ₽/мес.,90000,10 000 ₽,-10000,False
304830595,14 мар 2025,2025-03-14 00:00:00,100 000 ₽/мес.,100000,5 000 ₽,+5000,True
304830595,18 фев 2025,2025-02-18 00:00:00,95 000 ₽/мес.,95000,5 000 ₽,-5000,False
304830595,10 фев 2025,2025-02-10 00:00:00,100 000 ₽/мес.,100000,15 000 ₽,-15000,False
304830595,26 авг 2024,2024-08-26 00:00:00,115 000 ₽/мес.,115000,15 000 ₽,-15000,False
304830595,18 июл 2024,2024-07-18 00:00:00,130 000 ₽/мес.,130000,,,False
303814497,23 мар 2025,2025-03-23 00:00:00,85 000 ₽/мес.,85000,5 000 ₽,-5000,False
303814497,21 июл 2024,2024-07-21 00:00:00,90 000 ₽/мес.,90000,10 000 ₽,-10000,False
303814497,15 июл 2024,2024-07-15 00:00:00,100 000 ₽/мес.,100000,15 000 ₽,-15000,False
303814497,30 июн 2024,2024-06-30 00:00:00,115 000 ₽/мес.,115000,10 000 ₽,-10000,False
303814497,25 июн 2024,2024-06-25 00:00:00,125 000 ₽/мес.,125000,,,False
303300074,4 апр 2025,2025-04-04 00:00:00,40 000 ₽/мес.,40000,5 000 ₽,+5000,True
303300074,19 июн 2024,2024-06-19 00:00:00,35 000 ₽/мес.,35000,5 000 ₽,-5000,False
303300074,13 июн 2024,2024-06-13 00:00:00,40 000 ₽/мес.,40000,5 000 ₽,-5000,False
303300074,12 июн 2024,2024-06-12 00:00:00,45 000 ₽/мес.,45000,,,False
303112257,4 апр 2025,2025-04-04 00:00:00,80 000 ₽/мес.,80000,5 000 ₽,-5000,False
303112257,18 мар 2025,2025-03-18 00:00:00,85 000 ₽/мес.,85000,5 000 ₽,+5000,True
303112257,7 июн 2024,2024-06-07 00:00:00,80 000 ₽/мес.,80000,,,False
303110798,6 апр 2025,2025-04-06 00:00:00,56 000 ₽/мес.,56000,2 000 ₽,-2000,False
303110798,2 апр 2025,2025-04-02 00:00:00,58 000 ₽/мес.,58000,2 000 ₽,-2000,False
303110798,26 мар 2025,2025-03-26 00:00:00,60 000 ₽/мес.,60000,5 000 ₽,-5000,False
303110798,23 мар 2025,2025-03-23 00:00:00,65 000 ₽/мес.,65000,5 000 ₽,-5000,False
303110798,16 мар 2025,2025-03-16 00:00:00,70 000 ₽/мес.,70000,20 000 ₽,+20000,True
303110798,24 июн 2024,2024-06-24 00:00:00,50 000 ₽/мес.,50000,5 000 ₽,-5000,False
303110798,11 июн 2024,2024-06-11 00:00:00,55 000 ₽/мес.,55000,5 000 ₽,-5000,False
303110798,7 июн 2024,2024-06-07 00:00:00,60 000 ₽/мес.,60000,,,False
300788716,7 мар 2025,2025-03-07 00:00:00,80 000 ₽/мес.,80000,10 000 ₽,+10000,True
300788716,14 апр 2024,2024-04-14 00:00:00,70 000 ₽/мес.,70000,,,False
300772703,20 апр 2024,2024-04-20 00:00:00,95 000 ₽/мес.,95000,20 000 ₽,-20000,False
300772703,13 апр 2024,2024-04-13 00:00:00,115 000 ₽/мес.,115000,,,False
300553496,20 мар 2025,2025-03-20 00:00:00,63 000 ₽/мес.,63000,2 000 ₽,-2000,False
300553496,17 мар 2025,2025-03-17 00:00:00,65 000 ₽/мес.,65000,3 000 ₽,+3000,True
300553496,12 мар 2025,2025-03-12 00:00:00,62 000 ₽/мес.,62000,6 000 ₽,+6000,True
300553496,8 апр 2024,2024-04-08 00:00:00,56 000 ₽/мес.,56000,,,False
300008246,23 мар 2025,2025-03-23 00:00:00,67 000 ₽/мес.,67000,3 000 ₽,-3000,False
300008246,20 мар 2025,2025-03-20 00:00:00,70 000 ₽/мес.,70000,5 000 ₽,-5000,False
300008246,18 мар 2025,2025-03-18 00:00:00,75 000 ₽/мес.,75000,10 000 ₽,+10000,True
300008246,14 апр 2024,2024-04-14 00:00:00,65 000 ₽/мес.,65000,5 000 ₽,-5000,False
300008246,25 мар 2024,2024-03-25 00:00:00,70 000 ₽/мес.,70000,,,False
299794333,3 мар 2025,2025-03-03 00:00:00,70 000 ₽/мес.,70000,5 000 ₽,-5000,False
299794333,27 фев 2025,2025-02-27 00:00:00,75 000 ₽/мес.,75000,10 000 ₽,+10000,True
299794333,19 мар 2024,2024-03-19 00:00:00,65 000 ₽/мес.,65000,,,False
299570023,18 мар 2025,2025-03-18 00:00:00,85 000 ₽/мес.,85000,5 000 ₽,-5000,False
299570023,3 мар 2025,2025-03-03 00:00:00,90 000 ₽/мес.,90000,5 000 ₽,-5000,False
299570023,17 фев 2025,2025-02-17 00:00:00,95 000 ₽/мес.,95000,15 000 ₽,+15000,True
299570023,13 мар 2024,2024-03-13 00:00:00,80 000 ₽/мес.,80000,,,False
299140598,3 апр 2025,2025-04-03 00:00:00,70 000 ₽/мес.,70000,5 000 ₽,+5000,True
299140598,7 мар 2024,2024-03-07 00:00:00,65 000 ₽/мес.,65000,1 000 ₽,+1000,True
299140598,5 мар 2024,2024-03-05 00:00:00,64 000 ₽/мес.,64000,2 000 ₽,-2000,False
299140598,3 мар 2024,2024-03-03 00:00:00,66 000 ₽/мес.,66000,1 000 ₽,+1000,True
299140598,1 мар 2024,2024-03-01 00:00:00,65 000 ₽/мес.,65000,,,False
298970024,1 апр 2025,2025-04-01 00:00:00,80 000 ₽/мес.,80000,10 000 ₽,+10000,True
298970024,10 мая 2024,2024-05-10 00:00:00,70 000 ₽/мес.,70000,5 000 ₽,-5000,False
298970024,26 фев 2024,2024-02-26 00:00:00,75 000 ₽/мес.,75000,,,False
297247694,Сегодня,2025-04-11 00:00:00,100 000 ₽/мес.,100000,15 000 ₽,+15000,True
297247694,18 фев 2024,2024-02-18 00:00:00,85 000 ₽/мес.,85000,5 000 ₽,-5000,False
297247694,15 янв 2024,2024-01-15 00:00:00,90 000 ₽/мес.,90000,,,False
295252797,23 мар 2025,2025-03-23 00:00:00,80 000 ₽/мес.,80000,5 000 ₽,-5000,False
295252797,13 мар 2025,2025-03-13 00:00:00,85 000 ₽/мес.,85000,2 000 ₽,+2000,True
295252797,12 мар 2025,2025-03-12 00:00:00,83 000 ₽/мес.,83000,2 000 ₽,-2000,False
295252797,28 фев 2025,2025-02-28 00:00:00,85 000 ₽/мес.,85000,2 000 ₽,-2000,False
295252797,15 фев 2025,2025-02-15 00:00:00,87 000 ₽/мес.,87000,3 000 ₽,-3000,False
295252797,6 янв 2025,2025-01-06 00:00:00,90 000 ₽/мес.,90000,3 000 ₽,+3000,True
295252797,6 янв 2025,2025-01-06 00:00:00,87 000 ₽/мес.,87000,3 000 ₽,-3000,False
295252797,26 дек 2024,2024-12-26 00:00:00,90 000 ₽/мес.,90000,5 000 ₽,-5000,False
295252797,21 дек 2024,2024-12-21 00:00:00,95 000 ₽/мес.,95000,4 000 ₽,-4000,False
295252797,15 дек 2024,2024-12-15 00:00:00,99 000 ₽/мес.,99000,9 000 ₽,+9000,True
295252797,30 июл 2024,2024-07-30 00:00:00,90 000 ₽/мес.,90000,12 000 ₽,+12000,True
295252797,20 ноя 2023,2023-11-20 00:00:00,78 000 ₽/мес.,78000,,,False
295102519,10 апр 2025,2025-04-10 00:00:00,90 000 ₽/мес.,90000,8 000 ₽,-8000,False
295102519,25 фев 2025,2025-02-25 00:00:00,98 000 ₽/мес.,98000,12 000 ₽,-12000,False
295102519,31 янв 2025,2025-01-31 00:00:00,110 000 ₽/мес.,110000,10 000 ₽,-10000,False
295102519,12 янв 2025,2025-01-12 00:00:00,120 000 ₽/мес.,120000,,,False
294961642,4 апр 2025,2025-04-04 00:00:00,95 000 ₽/мес.,95000,10 000 ₽,-10000,False
294961642,1 апр 2025,2025-04-01 00:00:00,105 000 ₽/мес.,105000,5 000 ₽,-5000,False
294961642,29 мар 2025,2025-03-29 00:00:00,110 000 ₽/мес.,110000,10 000 ₽,-10000,False
294961642,26 мар 2025,2025-03-26 00:00:00,120 000 ₽/мес.,120000,,,False
294401225,9 апр 2025,2025-04-09 00:00:00,100 000 ₽/мес.,100000,20 000 ₽,-20000,False
294401225,31 мар 2025,2025-03-31 00:00:00,120 000 ₽/мес.,120000,,,False
293023410,26 мар 2025,2025-03-26 00:00:00,85 000 ₽/мес.,85000,5 000 ₽,-5000,False
293023410,13 фев 2025,2025-02-13 00:00:00,90 000 ₽/мес.,90000,,,False
292507169,6 апр 2025,2025-04-06 00:00:00,100 000 ₽/мес.,100000,10 000 ₽,-10000,False
292507169,4 апр 2025,2025-04-04 00:00:00,110 000 ₽/мес.,110000,5 000 ₽,+5000,True
292507169,4 апр 2025,2025-04-04 00:00:00,105 000 ₽/мес.,105000,20 000 ₽,-20000,False
292507169,4 авг 2024,2024-08-04 00:00:00,125 000 ₽/мес.,125000,48 000 ₽,+48000,True
292507169,13 сен 2023,2023-09-13 00:00:00,77 000 ₽/мес.,77000,,,False
290179716,26 мар 2025,2025-03-26 00:00:00,69 000 ₽/мес.,69000,1 000 ₽,-1000,False
290179716,14 ноя 2024,2024-11-14 00:00:00,70 000 ₽/мес.,70000,4 000 ₽,+4000,True
290179716,29 сен 2024,2024-09-29 00:00:00,66 000 ₽/мес.,66000,1 000 ₽,-1000,False
290179716,27 сен 2024,2024-09-27 00:00:00,67 000 ₽/мес.,67000,1 000 ₽,+1000,True
290179716,23 сен 2024,2024-09-23 00:00:00,66 000 ₽/мес.,66000,1 000 ₽,-1000,False
290179716,16 сен 2024,2024-09-16 00:00:00,67 000 ₽/мес.,67000,1 000 ₽,+1000,True
290179716,9 сен 2024,2024-09-09 00:00:00,66 000 ₽/мес.,66000,1 000 ₽,+1000,True
290179716,4 сен 2024,2024-09-04 00:00:00,65 000 ₽/мес.,65000,1 000 ₽,-1000,False
290179716,2 сен 2024,2024-09-02 00:00:00,66 000 ₽/мес.,66000,1 000 ₽,+1000,True
290179716,26 авг 2024,2024-08-26 00:00:00,65 000 ₽/мес.,65000,5 000 ₽,+5000,True
290179716,19 авг 2024,2024-08-19 00:00:00,60 000 ₽/мес.,60000,1 000 ₽,+1000,True
290179716,18 авг 2024,2024-08-18 00:00:00,59 000 ₽/мес.,59000,4 000 ₽,-4000,False
290179716,17 авг 2024,2024-08-17 00:00:00,63 000 ₽/мес.,63000,1 000 ₽,+1000,True
290179716,29 июл 2024,2024-07-29 00:00:00,62 000 ₽/мес.,62000,1 000 ₽,+1000,True
290179716,29 июл 2024,2024-07-29 00:00:00,61 000 ₽/мес.,61000,2 000 ₽,+2000,True
290179716,28 июл 2024,2024-07-28 00:00:00,59 000 ₽/мес.,59000,1 000 ₽,-1000,False
290179716,28 июл 2024,2024-07-28 00:00:00,60 000 ₽/мес.,60000,1 000 ₽,+1000,True
290179716,25 июл 2024,2024-07-25 00:00:00,59 000 ₽/мес.,59000,5 000 ₽,+5000,True
290179716,12 июл 2024,2024-07-12 00:00:00,54 000 ₽/мес.,54000,1 000 ₽,-1000,False
290179716,29 мая 2024,2024-05-29 00:00:00,55 000 ₽/мес.,55000,4 000 ₽,-4000,False
290179716,25 мая 2024,2024-05-25 00:00:00,59 000 ₽/мес.,59000,9 000 ₽,-9000,False
290179716,23 мая 2024,2024-05-23 00:00:00,68 000 ₽/мес.,68000,1 000 ₽,-1000,False
290179716,22 мая 2024,2024-05-22 00:00:00,69 000 ₽/мес.,69000,1 000 ₽,+1000,True
290179716,16 мая 2024,2024-05-16 00:00:00,68 000 ₽/мес.,68000,1 000 ₽,-1000,False
290179716,22 апр 2024,2024-04-22 00:00:00,69 000 ₽/мес.,69000,1 000 ₽,-1000,False
290179716,5 апр 2024,2024-04-05 00:00:00,70 000 ₽/мес.,70000,10 000 ₽,+10000,True
290179716,18 фев 2024,2024-02-18 00:00:00,60 000 ₽/мес.,60000,1 ₽,+1,True
290179716,5 фев 2024,2024-02-05 00:00:00,59 999 ₽/мес.,59999,1 ₽,-1,False
290179716,13 янв 2024,2024-01-13 00:00:00,60 000 ₽/мес.,60000,5 000 ₽,+5000,True
290179716,26 дек 2023,2023-12-26 00:00:00,55 000 ₽/мес.,55000,4 999 ₽,-4999,False
290179716,8 дек 2023,2023-12-08 00:00:00,59 999 ₽/мес.,59999,1 ₽,-1,False
290179716,3 ноя 2023,2023-11-03 00:00:00,60 000 ₽/мес.,60000,5 000 ₽,+5000,True
290179716,11 сен 2023,2023-09-11 00:00:00,55 000 ₽/мес.,55000,5 000 ₽,+5000,True
290179716,4 сен 2023,2023-09-04 00:00:00,50 000 ₽/мес.,50000,1 000 ₽,+1000,True
290179716,3 сен 2023,2023-09-03 00:00:00,49 000 ₽/мес.,49000,1 000 ₽,-1000,False
290179716,30 авг 2023,2023-08-30 00:00:00,50 000 ₽/мес.,50000,2 000 ₽,+2000,True
290179716,11 авг 2023,2023-08-11 00:00:00,48 000 ₽/мес.,48000,1 000 ₽,-1000,False
290179716,1 авг 2023,2023-08-01 00:00:00,49 000 ₽/мес.,49000,1 000 ₽,+1000,True
290179716,27 июл 2023,2023-07-27 00:00:00,48 000 ₽/мес.,48000,1 000 ₽,+1000,True
290179716,18 июл 2023,2023-07-18 00:00:00,47 000 ₽/мес.,47000,,,False
289350318,21 авг 2024,2024-08-21 00:00:00,95 000 ₽/мес.,95000,30 000 ₽,+30000,True
289350318,7 ноя 2023,2023-11-07 00:00:00,65 000 ₽/мес.,65000,5 000 ₽,+5000,True
289350318,29 июн 2023,2023-06-29 00:00:00,60 000 ₽/мес.,60000,10 000 ₽,+10000,True
289350318,29 июн 2023,2023-06-29 00:00:00,50 000 ₽/мес.,50000,,,False
288005740,24 мар 2025,2025-03-24 00:00:00,90 000 ₽/мес.,90000,5 000 ₽,-5000,False
288005740,9 фев 2025,2025-02-09 00:00:00,95 000 ₽/мес.,95000,5 000 ₽,-5000,False
288005740,5 фев 2025,2025-02-05 00:00:00,100 000 ₽/мес.,100000,20 000 ₽,+20000,True
288005740,10 июл 2024,2024-07-10 00:00:00,80 000 ₽/мес.,80000,,,False
286122440,4 мар 2024,2024-03-04 00:00:00,98 000 ₽/мес.,98000,3 000 ₽,+3000,True
286122440,3 окт 2023,2023-10-03 00:00:00,95 000 ₽/мес.,95000,15 000 ₽,+15000,True
286122440,7 авг 2023,2023-08-07 00:00:00,80 000 ₽/мес.,80000,5 000 ₽,+5000,True
286122440,12 апр 2023,2023-04-12 00:00:00,75 000 ₽/мес.,75000,,,False
280442830,9 апр 2025,2025-04-09 00:00:00,65 000 ₽/мес.,65000,5 000 ₽,-5000,False
280442830,4 апр 2025,2025-04-04 00:00:00,70 000 ₽/мес.,70000,5 000 ₽,-5000,False
280442830,25 мар 2025,2025-03-25 00:00:00,75 000 ₽/мес.,75000,5 000 ₽,-5000,False
280442830,21 мар 2025,2025-03-21 00:00:00,80 000 ₽/мес.,80000,,,False
279494367,17 мар 2025,2025-03-17 00:00:00,57 000 ₽/мес.,57000,1 000 ₽,-1000,False
279494367,10 мар 2025,2025-03-10 00:00:00,58 000 ₽/мес.,58000,2 000 ₽,-2000,False
279494367,17 фев 2025,2025-02-17 00:00:00,60 000 ₽/мес.,60000,2 000 ₽,-2000,False
279494367,13 фев 2025,2025-02-13 00:00:00,62 000 ₽/мес.,62000,1 000 ₽,-1000,False
279494367,8 фев 2025,2025-02-08 00:00:00,63 000 ₽/мес.,63000,2 000 ₽,-2000,False
279494367,30 янв 2025,2025-01-30 00:00:00,65 000 ₽/мес.,65000,,,False
279286265,6 апр 2025,2025-04-06 00:00:00,55 000 ₽/мес.,55000,3 000 ₽,+3000,True
279286265,11 авг 2024,2024-08-11 00:00:00,52 000 ₽/мес.,52000,,,False
278021424,9 апр 2025,2025-04-09 00:00:00,100 000 ₽/мес.,100000,8 000 ₽,-8000,False
278021424,31 мар 2025,2025-03-31 00:00:00,108 000 ₽/мес.,108000,2 000 ₽,-2000,False
278021424,17 мар 2025,2025-03-17 00:00:00,110 000 ₽/мес.,110000,,,False
274645207,4 апр 2025,2025-04-04 00:00:00,68 000 ₽/мес.,68000,4 000 ₽,-4000,False
274645207,30 мар 2025,2025-03-30 00:00:00,72 000 ₽/мес.,72000,4 000 ₽,+4000,True
274645207,5 ноя 2024,2024-11-05 00:00:00,68 000 ₽/мес.,68000,2 000 ₽,-2000,False
274645207,29 окт 2024,2024-10-29 00:00:00,70 000 ₽/мес.,70000,25 000 ₽,+25000,True
274645207,29 окт 2024,2024-10-29 00:00:00,45 000 ₽/мес.,45000,,,False
274598446,6 мар 2025,2025-03-06 00:00:00,75 000 ₽/мес.,75000,5 000 ₽,-5000,False
274598446,3 фев 2025,2025-02-03 00:00:00,80 000 ₽/мес.,80000,10 000 ₽,+10000,True
274598446,21 июн 2024,2024-06-21 00:00:00,70 000 ₽/мес.,70000,10 000 ₽,+10000,True
274598446,23 окт 2023,2023-10-23 00:00:00,60 000 ₽/мес.,60000,5 000 ₽,+5000,True
274598446,16 фев 2023,2023-02-16 00:00:00,55 000 ₽/мес.,55000,5 000 ₽,-5000,False
274598446,10 фев 2023,2023-02-10 00:00:00,60 000 ₽/мес.,60000,5 000 ₽,+5000,True
274598446,9 июл 2022,2022-07-09 00:00:00,55 000 ₽/мес.,55000,5 000 ₽,-5000,False
274598446,8 июл 2022,2022-07-08 00:00:00,60 000 ₽/мес.,60000,2 000 ₽,+2000,True
274598446,6 июл 2022,2022-07-06 00:00:00,58 000 ₽/мес.,58000,2 000 ₽,-2000,False
274598446,17 июн 2022,2022-06-17 00:00:00,60 000 ₽/мес.,60000,5 000 ₽,-5000,False
274598446,14 июн 2022,2022-06-14 00:00:00,65 000 ₽/мес.,65000,5 000 ₽,-5000,False
274598446,13 июн 2022,2022-06-13 00:00:00,70 000 ₽/мес.,70000,10 000 ₽,-10000,False
274598446,10 июн 2022,2022-06-10 00:00:00,80 000 ₽/мес.,80000,10 000 ₽,+10000,True
274598446,10 июн 2022,2022-06-10 00:00:00,70 000 ₽/мес.,70000,,,False
273625293,9 апр 2025,2025-04-09 00:00:00,75 000 ₽/мес.,75000,2 000 ₽,+2000,True
273625293,27 янв 2025,2025-01-27 00:00:00,73 000 ₽/мес.,73000,1 000 ₽,-1000,False
273625293,23 янв 2025,2025-01-23 00:00:00,74 000 ₽/мес.,74000,1 000 ₽,-1000,False
273625293,23 янв 2025,2025-01-23 00:00:00,75 000 ₽/мес.,75000,,,False
273448248,31 мар 2025,2025-03-31 00:00:00,85 000 ₽/мес.,85000,5 000 ₽,-5000,False
273448248,22 мар 2025,2025-03-22 00:00:00,90 000 ₽/мес.,90000,5 000 ₽,-5000,False
273448248,14 мар 2025,2025-03-14 00:00:00,95 000 ₽/мес.,95000,,,False
273115276,4 апр 2025,2025-04-04 00:00:00,90 000 ₽/мес.,90000,5 000 ₽,-5000,False
273115276,31 мар 2025,2025-03-31 00:00:00,95 000 ₽/мес.,95000,20 000 ₽,+20000,True
273115276,15 мар 2024,2024-03-15 00:00:00,75 000 ₽/мес.,75000,,,False
272634465,10 апр 2025,2025-04-10 00:00:00,75 000 ₽/мес.,75000,25 000 ₽,+25000,True
272634465,9 апр 2024,2024-04-09 00:00:00,50 000 ₽/мес.,50000,,,False
272591317,30 мар 2025,2025-03-30 00:00:00,70 000 ₽/мес.,70000,2 500 ₽,-2500,False
272591317,26 мар 2025,2025-03-26 00:00:00,72 500 ₽/мес.,72500,2 500 ₽,-2500,False
272591317,12 мар 2025,2025-03-12 00:00:00,75 000 ₽/мес.,75000,2 000 ₽,-2000,False
272591317,10 мар 2025,2025-03-10 00:00:00,77 000 ₽/мес.,77000,3 000 ₽,-3000,False
272591317,24 фев 2025,2025-02-24 00:00:00,80 000 ₽/мес.,80000,30 500 ₽,+30500,True
272591317,24 фев 2025,2025-02-24 00:00:00,49 500 ₽/мес.,49500,,,False
272160985,5 апр 2025,2025-04-05 00:00:00,85 000 ₽/мес.,85000,23 000 ₽,+23000,True
272160985,5 апр 2025,2025-04-05 00:00:00,62 000 ₽/мес.,62000,,,False
271159992,20 мар 2025,2025-03-20 00:00:00,75 000 ₽/мес.,75000,5 000 ₽,+5000,True
271159992,14 мар 2024,2024-03-14 00:00:00,70 000 ₽/мес.,70000,,,False
265122740,7 апр 2025,2025-04-07 00:00:00,85 000 ₽/мес.,85000,5 000 ₽,-5000,False
265122740,1 апр 2025,2025-04-01 00:00:00,90 000 ₽/мес.,90000,,,False
262726424,18 дек 2024,2024-12-18 00:00:00,65 000 ₽/мес.,65000,2 000 ₽,-2000,False
262726424,13 дек 2024,2024-12-13 00:00:00,67 000 ₽/мес.,67000,3 000 ₽,-3000,False
262726424,11 дек 2024,2024-12-11 00:00:00,70 000 ₽/мес.,70000,,,False
254057776,Сегодня,2025-04-11 00:00:00,73 000 ₽/мес.,73000,3 000 ₽,-3000,False
254057776,31 мар 2025,2025-03-31 00:00:00,76 000 ₽/мес.,76000,,,False
252768481,10 апр 2025,2025-04-10 00:00:00,85 000 ₽/мес.,85000,5 000 ₽,-5000,False
252768481,26 мар 2025,2025-03-26 00:00:00,90 000 ₽/мес.,90000,5 000 ₽,-5000,False
252768481,22 фев 2025,2025-02-22 00:00:00,95 000 ₽/мес.,95000,10 000 ₽,-10000,False
252768481,19 фев 2025,2025-02-19 00:00:00,105 000 ₽/мес.,105000,,,False
249471661,7 апр 2025,2025-04-07 00:00:00,90 000 ₽/мес.,90000,5 000 ₽,-5000,False
249471661,26 мар 2025,2025-03-26 00:00:00,95 000 ₽/мес.,95000,5 000 ₽,+5000,True
249471661,15 дек 2024,2024-12-15 00:00:00,90 000 ₽/мес.,90000,10 000 ₽,-10000,False
249471661,21 сен 2024,2024-09-21 00:00:00,100 000 ₽/мес.,100000,10 000 ₽,+10000,True
249471661,18 сен 2024,2024-09-18 00:00:00,90 000 ₽/мес.,90000,10 000 ₽,-10000,False
249471661,17 авг 2024,2024-08-17 00:00:00,100 000 ₽/мес.,100000,,,False
241707084,29 мар 2025,2025-03-29 00:00:00,50 000 ₽/мес.,50000,5 000 ₽,-5000,False
241707084,25 мар 2025,2025-03-25 00:00:00,55 000 ₽/мес.,55000,7 000 ₽,+7000,True
241707084,10 фев 2024,2024-02-10 00:00:00,48 000 ₽/мес.,48000,4 000 ₽,-4000,False
241707084,5 фев 2024,2024-02-05 00:00:00,52 000 ₽/мес.,52000,,,False
241302321,14 мар 2025,2025-03-14 00:00:00,80 000 ₽/мес.,80000,5 000 ₽,-5000,False
241302321,6 мар 2025,2025-03-06 00:00:00,85 000 ₽/мес.,85000,10 000 ₽,-10000,False
241302321,5 мар 2025,2025-03-05 00:00:00,95 000 ₽/мес.,95000,37 000 ₽,+37000,True
241302321,5 мар 2025,2025-03-05 00:00:00,58 000 ₽/мес.,58000,,,False
232377716,22 мар 2025,2025-03-22 00:00:00,70 000 ₽/мес.,70000,15 000 ₽,+15000,True
232377716,22 мар 2025,2025-03-22 00:00:00,55 000 ₽/мес.,55000,,,False
227412991,28 мар 2025,2025-03-28 00:00:00,80 000 ₽/мес.,80000,5 000 ₽,-5000,False
227412991,22 мар 2025,2025-03-22 00:00:00,85 000 ₽/мес.,85000,5 000 ₽,-5000,False
227412991,14 авг 2024,2024-08-14 00:00:00,90 000 ₽/мес.,90000,,,False
224186630,25 ноя 2024,2024-11-25 00:00:00,60 000 ₽/мес.,60000,3 000 ₽,-3000,False
224186630,5 ноя 2024,2024-11-05 00:00:00,63 000 ₽/мес.,63000,7 000 ₽,-7000,False
224186630,22 окт 2024,2024-10-22 00:00:00,70 000 ₽/мес.,70000,5 000 ₽,+5000,True
224186630,15 окт 2024,2024-10-15 00:00:00,65 000 ₽/мес.,65000,3 000 ₽,-3000,False
224186630,8 окт 2024,2024-10-08 00:00:00,68 000 ₽/мес.,68000,2 000 ₽,-2000,False
224186630,1 окт 2024,2024-10-01 00:00:00,70 000 ₽/мес.,70000,5 000 ₽,-5000,False
224186630,26 сен 2024,2024-09-26 00:00:00,75 000 ₽/мес.,75000,5 000 ₽,-5000,False
224186630,24 сен 2024,2024-09-24 00:00:00,80 000 ₽/мес.,80000,,,False
222723163,24 мар 2025,2025-03-24 00:00:00,80 000 ₽/мес.,80000,5 000 ₽,+5000,True
222723163,7 дек 2024,2024-12-07 00:00:00,75 000 ₽/мес.,75000,5 000 ₽,+5000,True
222723163,29 апр 2024,2024-04-29 00:00:00,70 000 ₽/мес.,70000,,,False
214775825,7 мар 2025,2025-03-07 00:00:00,78 000 ₽/мес.,78000,2 000 ₽,-2000,False
214775825,18 фев 2025,2025-02-18 00:00:00,80 000 ₽/мес.,80000,,,False
205365263,19 мар 2025,2025-03-19 00:00:00,65 000 ₽/мес.,65000,5 000 ₽,-5000,False
205365263,13 мар 2025,2025-03-13 00:00:00,70 000 ₽/мес.,70000,5 000 ₽,-5000,False
205365263,4 мар 2025,2025-03-04 00:00:00,75 000 ₽/мес.,75000,32 000 ₽,+32000,True
205365263,4 мар 2025,2025-03-04 00:00:00,43 000 ₽/мес.,43000,,,False
203505716,17 фев 2025,2025-02-17 00:00:00,100 000 ₽/мес.,100000,10 000 ₽,-10000,False
203505716,14 фев 2025,2025-02-14 00:00:00,110 000 ₽/мес.,110000,10 000 ₽,-10000,False
203505716,28 янв 2025,2025-01-28 00:00:00,120 000 ₽/мес.,120000,,,False
199570370,7 апр 2025,2025-04-07 00:00:00,98 000 ₽/мес.,98000,6 000 ₽,-6000,False
199570370,3 апр 2025,2025-04-03 00:00:00,104 000 ₽/мес.,104000,4 000 ₽,+4000,True
199570370,17 мар 2025,2025-03-17 00:00:00,100 000 ₽/мес.,100000,,,False
199220310,14 мар 2025,2025-03-14 00:00:00,95 000 ₽/мес.,95000,5 000 ₽,+5000,True
199220310,18 фев 2025,2025-02-18 00:00:00,90 000 ₽/мес.,90000,10 000 ₽,-10000,False
199220310,10 фев 2025,2025-02-10 00:00:00,100 000 ₽/мес.,100000,10 000 ₽,+10000,True
199220310,9 сен 2024,2024-09-09 00:00:00,90 000 ₽/мес.,90000,10 000 ₽,-10000,False
199220310,23 авг 2024,2024-08-23 00:00:00,100 000 ₽/мес.,100000,,,False
198740701,30 мар 2025,2025-03-30 00:00:00,70 000 ₽/мес.,70000,10 000 ₽,+10000,True
198740701,15 апр 2024,2024-04-15 00:00:00,60 000 ₽/мес.,60000,,,False
192845340,19 мар 2025,2025-03-19 00:00:00,60 000 ₽/мес.,60000,5 000 ₽,-5000,False
192845340,13 мар 2025,2025-03-13 00:00:00,65 000 ₽/мес.,65000,,,False
184978796,1 дек 2024,2024-12-01 00:00:00,80 000 ₽/мес.,80000,5 000 ₽,-5000,False
184978796,8 ноя 2024,2024-11-08 00:00:00,85 000 ₽/мес.,85000,5 000 ₽,-5000,False
184978796,9 окт 2024,2024-10-09 00:00:00,90 000 ₽/мес.,90000,,,False
166163447,6 апр 2025,2025-04-06 00:00:00,90 000 ₽/мес.,90000,10 000 ₽,+10000,True
166163447,5 апр 2025,2025-04-05 00:00:00,80 000 ₽/мес.,80000,10 000 ₽,-10000,False
166163447,4 апр 2025,2025-04-04 00:00:00,90 000 ₽/мес.,90000,5 000 ₽,-5000,False
166163447,4 апр 2025,2025-04-04 00:00:00,95 000 ₽/мес.,95000,5 000 ₽,-5000,False
166163447,17 мар 2025,2025-03-17 00:00:00,100 000 ₽/мес.,100000,5 000 ₽,+5000,True
166163447,19 авг 2024,2024-08-19 00:00:00,95 000 ₽/мес.,95000,5 000 ₽,+5000,True
166163447,16 авг 2024,2024-08-16 00:00:00,90 000 ₽/мес.,90000,,,False
164777045,31 мар 2025,2025-03-31 00:00:00,70 000 ₽/мес.,70000,5 000 ₽,-5000,False
164777045,17 мар 2025,2025-03-17 00:00:00,75 000 ₽/мес.,75000,5 000 ₽,-5000,False
164777045,12 мар 2025,2025-03-12 00:00:00,80 000 ₽/мес.,80000,5 000 ₽,-5000,False
164777045,11 мар 2025,2025-03-11 00:00:00,85 000 ₽/мес.,85000,,,False
153942662,8 апр 2025,2025-04-08 00:00:00,75 000 ₽/мес.,75000,3 000 ₽,-3000,False
153942662,5 апр 2025,2025-04-05 00:00:00,78 000 ₽/мес.,78000,2 000 ₽,-2000,False
153942662,24 мар 2025,2025-03-24 00:00:00,80 000 ₽/мес.,80000,2 000 ₽,-2000,False
153942662,19 фев 2025,2025-02-19 00:00:00,82 000 ₽/мес.,82000,3 000 ₽,-3000,False
153942662,17 фев 2025,2025-02-17 00:00:00,85 000 ₽/мес.,85000,5 000 ₽,+5000,True
153942662,29 июн 2024,2024-06-29 00:00:00,80 000 ₽/мес.,80000,5 000 ₽,-5000,False
153942662,14 июн 2024,2024-06-14 00:00:00,85 000 ₽/мес.,85000,,,False
310613338,3 мар 2025,2025-03-03 00:00:00,95 000 ₽/мес.,95000,25 000 ₽,-25000,False
310613338,22 янв 2025,2025-01-22 00:00:00,120 000 ₽/мес.,120000,10 000 ₽,-10000,False
310613338,9 янв 2025,2025-01-09 00:00:00,130 000 ₽/мес.,130000,10 000 ₽,-10000,False
310613338,24 дек 2024,2024-12-24 00:00:00,140 000 ₽/мес.,140000,10 000 ₽,-10000,False
310613338,29 ноя 2024,2024-11-29 00:00:00,150 000 ₽/мес.,150000,,,False
313600748,12 мар 2025,2025-03-12 00:00:00,85 000 ₽/мес.,85000,5 000 ₽,-5000,False
313600748,25 фев 2025,2025-02-25 00:00:00,90 000 ₽/мес.,90000,5 000 ₽,-5000,False
313600748,13 фев 2025,2025-02-13 00:00:00,95 000 ₽/мес.,95000,5 000 ₽,-5000,False
313600748,12 фев 2025,2025-02-12 00:00:00,100 000 ₽/мес.,100000,,,False
314887448,5 апр 2025,2025-04-05 00:00:00,69 000 ₽/мес.,69000,1 000 ₽,-1000,False
314887448,24 мар 2025,2025-03-24 00:00:00,70 000 ₽/мес.,70000,3 000 ₽,-3000,False
314887448,18 мар 2025,2025-03-18 00:00:00,73 000 ₽/мес.,73000,2 000 ₽,-2000,False
314887448,13 мар 2025,2025-03-13 00:00:00,75 000 ₽/мес.,75000,,,False
314019589,26 мар 2025,2025-03-26 00:00:00,70 000 ₽/мес.,70000,8 000 ₽,-8000,False
314019589,25 фев 2025,2025-02-25 00:00:00,78 000 ₽/мес.,78000,2 000 ₽,-2000,False
314019589,21 фев 2025,2025-02-21 00:00:00,80 000 ₽/мес.,80000,,,False
315059903,Сегодня,2025-04-11 00:00:00,150 000 ₽/мес.,150000,50 000 ₽,+50000,True
315059903,7 апр 2025,2025-04-07 00:00:00,100 000 ₽/мес.,100000,5 000 ₽,+5000,True
315059903,6 апр 2025,2025-04-06 00:00:00,95 000 ₽/мес.,95000,5 000 ₽,-5000,False
315059903,5 апр 2025,2025-04-05 00:00:00,100 000 ₽/мес.,100000,10 000 ₽,-10000,False
315059903,1 апр 2025,2025-04-01 00:00:00,110 000 ₽/мес.,110000,10 000 ₽,-10000,False
315059903,27 мар 2025,2025-03-27 00:00:00,120 000 ₽/мес.,120000,10 000 ₽,-10000,False
315059903,22 мар 2025,2025-03-22 00:00:00,130 000 ₽/мес.,130000,20 000 ₽,-20000,False
315059903,17 мар 2025,2025-03-17 00:00:00,150 000 ₽/мес.,150000,,,False
314687893,2 апр 2025,2025-04-02 00:00:00,85 000 ₽/мес.,85000,5 000 ₽,-5000,False
314687893,26 мар 2025,2025-03-26 00:00:00,90 000 ₽/мес.,90000,5 000 ₽,-5000,False
314687893,16 мар 2025,2025-03-16 00:00:00,95 000 ₽/мес.,95000,5 000 ₽,-5000,False
314687893,9 мар 2025,2025-03-09 00:00:00,100 000 ₽/мес.,100000,,,False
316073048,9 апр 2025,2025-04-09 00:00:00,120 000 ₽/мес.,120000,20 000 ₽,+20000,True
316073048,9 апр 2025,2025-04-09 00:00:00,100 000 ₽/мес.,100000,,,False
314939405,7 апр 2025,2025-04-07 00:00:00,87 000 ₽/мес.,87000,8 000 ₽,-8000,False
314939405,20 мар 2025,2025-03-20 00:00:00,95 000 ₽/мес.,95000,10 000 ₽,-10000,False
314939405,14 мар 2025,2025-03-14 00:00:00,105 000 ₽/мес.,105000,,,False
315082999,6 апр 2025,2025-04-06 00:00:00,80 000 ₽/мес.,80000,5 000 ₽,+5000,True
315082999,2 апр 2025,2025-04-02 00:00:00,75 000 ₽/мес.,75000,3 000 ₽,-3000,False
315082999,1 апр 2025,2025-04-01 00:00:00,78 000 ₽/мес.,78000,2 000 ₽,-2000,False
315082999,1 апр 2025,2025-04-01 00:00:00,80 000 ₽/мес.,80000,2 000 ₽,-2000,False
315082999,31 мар 2025,2025-03-31 00:00:00,82 000 ₽/мес.,82000,2 000 ₽,-2000,False
315082999,30 мар 2025,2025-03-30 00:00:00,84 000 ₽/мес.,84000,1 000 ₽,-1000,False
315082999,29 мар 2025,2025-03-29 00:00:00,85 000 ₽/мес.,85000,1 000 ₽,-1000,False
315082999,28 мар 2025,2025-03-28 00:00:00,86 000 ₽/мес.,86000,3 000 ₽,-3000,False
315082999,28 мар 2025,2025-03-28 00:00:00,89 000 ₽/мес.,89000,1 000 ₽,-1000,False
315082999,21 мар 2025,2025-03-21 00:00:00,90 000 ₽/мес.,90000,2 000 ₽,-2000,False
315082999,21 мар 2025,2025-03-21 00:00:00,92 000 ₽/мес.,92000,3 000 ₽,-3000,False
315082999,20 мар 2025,2025-03-20 00:00:00,95 000 ₽/мес.,95000,1 000 ₽,-1000,False
315082999,19 мар 2025,2025-03-19 00:00:00,96 000 ₽/мес.,96000,4 000 ₽,-4000,False
315082999,19 мар 2025,2025-03-19 00:00:00,100 000 ₽/мес.,100000,5 000 ₽,-5000,False
315082999,18 мар 2025,2025-03-18 00:00:00,105 000 ₽/мес.,105000,5 000 ₽,-5000,False
315082999,18 мар 2025,2025-03-18 00:00:00,110 000 ₽/мес.,110000,,,False
167530364,26 мар 2025,2025-03-26 00:00:00,78 000 ₽/мес.,78000,2 000 ₽,-2000,False
167530364,21 мар 2025,2025-03-21 00:00:00,80 000 ₽/мес.,80000,,,False
313354029,27 мар 2025,2025-03-27 00:00:00,85 000 ₽/мес.,85000,5 000 ₽,-5000,False
313354029,2 мар 2025,2025-03-02 00:00:00,90 000 ₽/мес.,90000,10 000 ₽,-10000,False
313354029,6 фев 2025,2025-02-06 00:00:00,100 000 ₽/мес.,100000,,,False
315375920,3 апр 2025,2025-04-03 00:00:00,70 000 ₽/мес.,70000,5 000 ₽,-5000,False
315375920,25 мар 2025,2025-03-25 00:00:00,75 000 ₽/мес.,75000,,,False
314750273,8 апр 2025,2025-04-08 00:00:00,100 000 ₽/мес.,100000,10 000 ₽,-10000,False
314750273,10 мар 2025,2025-03-10 00:00:00,110 000 ₽/мес.,110000,,,False
307359742,17 мар 2025,2025-03-17 00:00:00,83 000 ₽/мес.,83000,5 000 ₽,-5000,False
307359742,9 мар 2025,2025-03-09 00:00:00,88 000 ₽/мес.,88000,1 000 ₽,+1000,True
307359742,14 ноя 2024,2024-11-14 00:00:00,87 000 ₽/мес.,87000,3 000 ₽,-3000,False
307359742,18 сен 2024,2024-09-18 00:00:00,90 000 ₽/мес.,90000,,,False
305966075,8 апр 2025,2025-04-08 00:00:00,85 000 ₽/мес.,85000,5 000 ₽,-5000,False
305966075,5 апр 2025,2025-04-05 00:00:00,90 000 ₽/мес.,90000,10 000 ₽,-10000,False
305966075,25 янв 2025,2025-01-25 00:00:00,100 000 ₽/мес.,100000,20 000 ₽,-20000,False
305966075,3 дек 2024,2024-12-03 00:00:00,120 000 ₽/мес.,120000,20 000 ₽,+20000,True
305966075,30 сен 2024,2024-09-30 00:00:00,100 000 ₽/мес.,100000,,,False
315616731,3 апр 2025,2025-04-03 00:00:00,100 000 ₽/мес.,100000,20 000 ₽,-20000,False
315616731,31 мар 2025,2025-03-31 00:00:00,120 000 ₽/мес.,120000,,,False
315210659,2 апр 2025,2025-04-02 00:00:00,80 000 ₽/мес.,80000,5 000 ₽,-5000,False
315210659,23 мар 2025,2025-03-23 00:00:00,85 000 ₽/мес.,85000,5 000 ₽,-5000,False
315210659,20 мар 2025,2025-03-20 00:00:00,90 000 ₽/мес.,90000,,,False
310783742,31 мар 2025,2025-03-31 00:00:00,85 000 ₽/мес.,85000,5 000 ₽,-5000,False
310783742,4 мар 2025,2025-03-04 00:00:00,90 000 ₽/мес.,90000,5 000 ₽,-5000,False
310783742,30 янв 2025,2025-01-30 00:00:00,95 000 ₽/мес.,95000,5 000 ₽,-5000,False
310783742,3 дек 2024,2024-12-03 00:00:00,100 000 ₽/мес.,100000,,,False
316016115,10 апр 2025,2025-04-10 00:00:00,45 000 ₽/мес.,45000,35 000 ₽,-35000,False
316016115,9 апр 2025,2025-04-09 00:00:00,80 000 ₽/мес.,80000,5 000 ₽,-5000,False
316016115,8 апр 2025,2025-04-08 00:00:00,85 000 ₽/мес.,85000,5 000 ₽,-5000,False
316016115,8 апр 2025,2025-04-08 00:00:00,90 000 ₽/мес.,90000,,,False
315227868,1 апр 2025,2025-04-01 00:00:00,90 000 ₽/мес.,90000,5 000 ₽,-5000,False
315227868,21 мар 2025,2025-03-21 00:00:00,95 000 ₽/мес.,95000,,,False
182246958,4 апр 2025,2025-04-04 00:00:00,64 000 ₽/мес.,64000,4 000 ₽,+4000,True
182246958,4 апр 2025,2025-04-04 00:00:00,60 000 ₽/мес.,60000,,,False
315051677,25 мар 2025,2025-03-25 00:00:00,75 000 ₽/мес.,75000,3 000 ₽,-3000,False
315051677,22 мар 2025,2025-03-22 00:00:00,78 000 ₽/мес.,78000,2 000 ₽,-2000,False
315051677,17 мар 2025,2025-03-17 00:00:00,80 000 ₽/мес.,80000,,,False
314690850,9 апр 2025,2025-04-09 00:00:00,49 999 ₽/мес.,49999,1 ₽,-1,False
314690850,7 апр 2025,2025-04-07 00:00:00,50 000 ₽/мес.,50000,2 000 ₽,-2000,False
314690850,6 апр 2025,2025-04-06 00:00:00,52 000 ₽/мес.,52000,2 000 ₽,+2000,True
314690850,6 апр 2025,2025-04-06 00:00:00,50 000 ₽/мес.,50000,1 000 ₽,-1000,False
314690850,6 апр 2025,2025-04-06 00:00:00,51 000 ₽/мес.,51000,1 000 ₽,-1000,False
314690850,6 апр 2025,2025-04-06 00:00:00,52 000 ₽/мес.,52000,2 000 ₽,+2000,True
314690850,3 апр 2025,2025-04-03 00:00:00,50 000 ₽/мес.,50000,3 000 ₽,-3000,False
314690850,11 мар 2025,2025-03-11 00:00:00,53 000 ₽/мес.,53000,500 ₽,-500,False
314690850,11 мар 2025,2025-03-11 00:00:00,53 500 ₽/мес.,53500,500 ₽,-500,False
314690850,11 мар 2025,2025-03-11 00:00:00,54 000 ₽/мес.,54000,500 ₽,-500,False
314690850,11 мар 2025,2025-03-11 00:00:00,54 500 ₽/мес.,54500,500 ₽,-500,False
314690850,10 мар 2025,2025-03-10 00:00:00,55 000 ₽/мес.,55000,5 000 ₽,-5000,False
314690850,10 мар 2025,2025-03-10 00:00:00,60 000 ₽/мес.,60000,5 000 ₽,+5000,True
314690850,9 мар 2025,2025-03-09 00:00:00,55 000 ₽/мес.,55000,2 500 ₽,-2500,False
314690850,9 мар 2025,2025-03-09 00:00:00,57 500 ₽/мес.,57500,,,False
315593982,8 апр 2025,2025-04-08 00:00:00,85 000 ₽/мес.,85000,5 000 ₽,-5000,False
315593982,5 апр 2025,2025-04-05 00:00:00,90 000 ₽/мес.,90000,10 000 ₽,-10000,False
315593982,29 мар 2025,2025-03-29 00:00:00,100 000 ₽/мес.,100000,,,False
315583537,7 апр 2025,2025-04-07 00:00:00,100 000 ₽/мес.,100000,15 000 ₽,-15000,False
315583537,1 апр 2025,2025-04-01 00:00:00,115 000 ₽/мес.,115000,15 000 ₽,-15000,False
315583537,29 мар 2025,2025-03-29 00:00:00,130 000 ₽/мес.,130000,,,False
314423874,31 мар 2025,2025-03-31 00:00:00,65 000 ₽/мес.,65000,5 000 ₽,-5000,False
314423874,3 мар 2025,2025-03-03 00:00:00,70 000 ₽/мес.,70000,,,False
315114509,25 мар 2025,2025-03-25 00:00:00,90 000 ₽/мес.,90000,20 000 ₽,-20000,False
315114509,23 мар 2025,2025-03-23 00:00:00,110 000 ₽/мес.,110000,20 000 ₽,-20000,False
315114509,18 мар 2025,2025-03-18 00:00:00,130 000 ₽/мес.,130000,,,False
313708987,19 фев 2025,2025-02-19 00:00:00,65 000 ₽/мес.,65000,5 000 ₽,-5000,False
313708987,14 фев 2025,2025-02-14 00:00:00,70 000 ₽/мес.,70000,,,False
315809194,9 апр 2025,2025-04-09 00:00:00,68 500 ₽/мес.,68500,6 500 ₽,-6500,False
315809194,7 апр 2025,2025-04-07 00:00:00,75 000 ₽/мес.,75000,13 000 ₽,-13000,False
315809194,3 апр 2025,2025-04-03 00:00:00,88 000 ₽/мес.,88000,,,False
312606108,30 мар 2025,2025-03-30 00:00:00,90 000 ₽/мес.,90000,5 000 ₽,-5000,False
312606108,12 мар 2025,2025-03-12 00:00:00,95 000 ₽/мес.,95000,5 000 ₽,-5000,False
312606108,26 фев 2025,2025-02-26 00:00:00,100 000 ₽/мес.,100000,10 000 ₽,-10000,False
312606108,19 фев 2025,2025-02-19 00:00:00,110 000 ₽/мес.,110000,10 000 ₽,+10000,True
312606108,21 янв 2025,2025-01-21 00:00:00,100 000 ₽/мес.,100000,,,False
315867597,9 апр 2025,2025-04-09 00:00:00,80 000 ₽/мес.,80000,10 000 ₽,-10000,False
315867597,4 апр 2025,2025-04-04 00:00:00,90 000 ₽/мес.,90000,,,False
314717237,29 мар 2025,2025-03-29 00:00:00,85 000 ₽/мес.,85000,5 000 ₽,-5000,False
314717237,10 мар 2025,2025-03-10 00:00:00,90 000 ₽/мес.,90000,5 000 ₽,-5000,False
314717237,10 мар 2025,2025-03-10 00:00:00,95 000 ₽/мес.,95000,,,False
315634735,6 апр 2025,2025-04-06 00:00:00,80 000 ₽/мес.,80000,5 000 ₽,-5000,False
315634735,2 апр 2025,2025-04-02 00:00:00,85 000 ₽/мес.,85000,2 000 ₽,-2000,False
315634735,1 апр 2025,2025-04-01 00:00:00,87 000 ₽/мес.,87000,3 000 ₽,-3000,False
315634735,31 мар 2025,2025-03-31 00:00:00,90 000 ₽/мес.,90000,10 000 ₽,-10000,False
315634735,31 мар 2025,2025-03-31 00:00:00,100 000 ₽/мес.,100000,,,False
316082829,9 апр 2025,2025-04-09 00:00:00,85 000 ₽/мес.,85000,15 000 ₽,-15000,False
316082829,9 апр 2025,2025-04-09 00:00:00,100 000 ₽/мес.,100000,,,False
306912262,16 сен 2024,2024-09-16 00:00:00,80 000 ₽/мес.,80000,5 000 ₽,+5000,True
306912262,7 сен 2024,2024-09-07 00:00:00,75 000 ₽/мес.,75000,,,False
316165883,Сегодня,2025-04-11 00:00:00,110 000 ₽/мес.,110000,10 000 ₽,+10000,True
316165883,Сегодня,2025-04-11 00:00:00,100 000 ₽/мес.,100000,,,False
198394022,2 апр 2025,2025-04-02 00:00:00,70 000 ₽/мес.,70000,5 000 ₽,-5000,False
198394022,29 мар 2025,2025-03-29 00:00:00,75 000 ₽/мес.,75000,5 000 ₽,-5000,False
198394022,25 мар 2025,2025-03-25 00:00:00,80 000 ₽/мес.,80000,5 000 ₽,-5000,False
198394022,15 авг 2024,2024-08-15 00:00:00,85 000 ₽/мес.,85000,,,False
315483481,31 мар 2025,2025-03-31 00:00:00,70 000 ₽/мес.,70000,5 000 ₽,-5000,False
315483481,27 мар 2025,2025-03-27 00:00:00,75 000 ₽/мес.,75000,,,False
314767178,3 апр 2025,2025-04-03 00:00:00,85 000 ₽/мес.,85000,5 000 ₽,-5000,False
314767178,26 мар 2025,2025-03-26 00:00:00,90 000 ₽/мес.,90000,5 000 ₽,-5000,False
314767178,11 мар 2025,2025-03-11 00:00:00,95 000 ₽/мес.,95000,,,False
315928663,8 апр 2025,2025-04-08 00:00:00,130 000 ₽/мес.,130000,40 000 ₽,+40000,True
315928663,7 апр 2025,2025-04-07 00:00:00,90 000 ₽/мес.,90000,10 000 ₽,+10000,True
315928663,6 апр 2025,2025-04-06 00:00:00,80 000 ₽/мес.,80000,,,False
315905314,10 апр 2025,2025-04-10 00:00:00,85 000 ₽/мес.,85000,5 000 ₽,-5000,False
315905314,5 апр 2025,2025-04-05 00:00:00,90 000 ₽/мес.,90000,,,False
315607887,7 апр 2025,2025-04-07 00:00:00,80 000 ₽/мес.,80000,3 000 ₽,-3000,False
315607887,1 апр 2025,2025-04-01 00:00:00,83 000 ₽/мес.,83000,2 000 ₽,-2000,False
315607887,30 мар 2025,2025-03-30 00:00:00,85 000 ₽/мес.,85000,,,False
315935156,10 апр 2025,2025-04-10 00:00:00,65 000 ₽/мес.,65000,5 000 ₽,+5000,True
315935156,8 апр 2025,2025-04-08 00:00:00,60 000 ₽/мес.,60000,20 000 ₽,-20000,False
315935156,6 апр 2025,2025-04-06 00:00:00,80 000 ₽/мес.,80000,,,False
303721206,1 апр 2025,2025-04-01 00:00:00,85 000 ₽/мес.,85000,5 000 ₽,-5000,False
303721206,6 ноя 2024,2024-11-06 00:00:00,90 000 ₽/мес.,90000,10 000 ₽,+10000,True
303721206,5 июл 2024,2024-07-05 00:00:00,80 000 ₽/мес.,80000,5 000 ₽,-5000,False
303721206,23 июн 2024,2024-06-23 00:00:00,85 000 ₽/мес.,85000,5 000 ₽,+5000,True
303721206,23 июн 2024,2024-06-23 00:00:00,80 000 ₽/мес.,80000,,,False
315566038,7 апр 2025,2025-04-07 00:00:00,100 000 ₽/мес.,100000,15 000 ₽,-15000,False
315566038,31 мар 2025,2025-03-31 00:00:00,115 000 ₽/мес.,115000,15 000 ₽,-15000,False
315566038,28 мар 2025,2025-03-28 00:00:00,130 000 ₽/мес.,130000,,,False
314441849,5 мар 2025,2025-03-05 00:00:00,70 000 ₽/мес.,70000,5 000 ₽,-5000,False
314441849,4 мар 2025,2025-03-04 00:00:00,75 000 ₽/мес.,75000,5 000 ₽,-5000,False
314441849,4 мар 2025,2025-03-04 00:00:00,80 000 ₽/мес.,80000,,,False
314498017,19 мар 2025,2025-03-19 00:00:00,70 000 ₽/мес.,70000,2 000 ₽,-2000,False
314498017,12 мар 2025,2025-03-12 00:00:00,72 000 ₽/мес.,72000,8 000 ₽,-8000,False
314498017,5 мар 2025,2025-03-05 00:00:00,80 000 ₽/мес.,80000,10 000 ₽,-10000,False
314498017,4 мар 2025,2025-03-04 00:00:00,90 000 ₽/мес.,90000,,,False
287756063,26 мар 2025,2025-03-26 00:00:00,75 000 ₽/мес.,75000,25 000 ₽,+25000,True
287756063,26 мар 2025,2025-03-26 00:00:00,50 000 ₽/мес.,50000,,,False
314926290,17 мар 2025,2025-03-17 00:00:00,95 000 ₽/мес.,95000,4 000 ₽,-4000,False
314926290,14 мар 2025,2025-03-14 00:00:00,99 000 ₽/мес.,99000,,,False
315809144,7 апр 2025,2025-04-07 00:00:00,95 000 ₽/мес.,95000,5 000 ₽,+5000,True
315809144,3 апр 2025,2025-04-03 00:00:00,90 000 ₽/мес.,90000,,,False
315586628,31 мар 2025,2025-03-31 00:00:00,90 000 ₽/мес.,90000,10 000 ₽,+10000,True
315586628,29 мар 2025,2025-03-29 00:00:00,80 000 ₽/мес.,80000,,,False
311457628,9 мар 2025,2025-03-09 00:00:00,99 997 ₽/мес.,99997,3 ₽,-3,False
311457628,27 фев 2025,2025-02-27 00:00:00,100 000 ₽/мес.,100000,5 000 ₽,-5000,False
311457628,13 фев 2025,2025-02-13 00:00:00,105 000 ₽/мес.,105000,5 000 ₽,-5000,False
311457628,4 фев 2025,2025-02-04 00:00:00,110 000 ₽/мес.,110000,5 000 ₽,-5000,False
311457628,30 янв 2025,2025-01-30 00:00:00,115 000 ₽/мес.,115000,5 000 ₽,-5000,False
311457628,24 янв 2025,2025-01-24 00:00:00,120 000 ₽/мес.,120000,5 000 ₽,-5000,False
311457628,16 янв 2025,2025-01-16 00:00:00,125 000 ₽/мес.,125000,5 000 ₽,-5000,False
311457628,19 дек 2024,2024-12-19 00:00:00,130 000 ₽/мес.,130000,,,False
312592732,24 мар 2025,2025-03-24 00:00:00,90 000 ₽/мес.,90000,5 000 ₽,-5000,False
312592732,7 мар 2025,2025-03-07 00:00:00,95 000 ₽/мес.,95000,3 000 ₽,-3000,False
312592732,28 фев 2025,2025-02-28 00:00:00,98 000 ₽/мес.,98000,2 000 ₽,-2000,False
312592732,18 фев 2025,2025-02-18 00:00:00,100 000 ₽/мес.,100000,5 000 ₽,-5000,False
312592732,26 янв 2025,2025-01-26 00:00:00,105 000 ₽/мес.,105000,5 000 ₽,-5000,False
312592732,20 янв 2025,2025-01-20 00:00:00,110 000 ₽/мес.,110000,,,False
316195068,12 апр 2025,2025-04-12 00:00:00,100 000 ₽/мес.,100000,20 000 ₽,-20000,False
316195068,12 апр 2025,2025-04-12 00:00:00,120 000 ₽/мес.,120000,,,False
316061773,12 апр 2025,2025-04-12 00:00:00,91 000 ₽/мес.,91000,6 000 ₽,+6000,True
316061773,11 апр 2025,2025-04-11 00:00:00,85 000 ₽/мес.,85000,30 000 ₽,+30000,True
316061773,10 апр 2025,2025-04-10 00:00:00,55 000 ₽/мес.,55000,5 000 ₽,+5000,True
316061773,9 апр 2025,2025-04-09 00:00:00,50 000 ₽/мес.,50000,,,False
316031652,11 апр 2025,2025-04-11 00:00:00,78 000 ₽/мес.,78000,2 000 ₽,-2000,False
316031652,8 апр 2025,2025-04-08 00:00:00,80 000 ₽/мес.,80000,,,False
315916928,11 апр 2025,2025-04-11 00:00:00,86 000 ₽/мес.,86000,2 000 ₽,-2000,False
315916928,5 апр 2025,2025-04-05 00:00:00,88 000 ₽/мес.,88000,,,False
315910730,11 апр 2025,2025-04-11 00:00:00,74 999 ₽/мес.,74999,5 000 ₽,-5000,False
315910730,5 апр 2025,2025-04-05 00:00:00,79 999 ₽/мес.,79999,,,False
315908091,13 апр 2025,2025-04-13 00:00:00,100 000 ₽/мес.,100000,10 000 ₽,-10000,False
315908091,5 апр 2025,2025-04-05 00:00:00,110 000 ₽/мес.,110000,,,False
296697408,13 апр 2025,2025-04-13 00:00:00,88 000 ₽/мес.,88000,4 000 ₽,+4000,True
296697408,7 июл 2024,2024-07-07 00:00:00,84 000 ₽/мес.,84000,3 000 ₽,-3000,False
296697408,18 мар 2024,2024-03-18 00:00:00,87 000 ₽/мес.,87000,8 000 ₽,-8000,False
296697408,5 фев 2024,2024-02-05 00:00:00,95 000 ₽/мес.,95000,10 000 ₽,-10000,False
296697408,25 дек 2023,2023-12-25 00:00:00,105 000 ₽/мес.,105000,,,False
315909802,Сегодня,2025-04-14 00:00:00,60 000 ₽/мес.,60000,5 000 ₽,-5000,False
315909802,5 апр 2025,2025-04-05 00:00:00,65 000 ₽/мес.,65000,,,False
284081870,Сегодня,2025-04-14 00:00:00,70 000 ₽/мес.,70000,5 000 ₽,-5000,False
284081870,5 апр 2025,2025-04-05 00:00:00,75 000 ₽/мес.,75000,,,False
316133349,13 апр 2025,2025-04-13 00:00:00,120 000 ₽/мес.,120000,5 000 ₽,-5000,False
316133349,11 апр 2025,2025-04-11 00:00:00,125 000 ₽/мес.,125000,25 000 ₽,+25000,True
316133349,10 апр 2025,2025-04-10 00:00:00,100 000 ₽/мес.,100000,,,False
316293287,14 апр 2025,2025-04-14 00:00:00,100 000 ₽/мес.,100000,20 000 ₽,-20000,False
316293287,14 апр 2025,2025-04-14 00:00:00,120 000 ₽/мес.,120000,,,False
316261539,14 апр 2025,2025-04-14 00:00:00,100 000 ₽/мес.,100000,15 000 ₽,-15000,False
316261539,14 апр 2025,2025-04-14 00:00:00,115 000 ₽/мес.,115000,,,False
316131167,Сегодня,2025-04-15 00:00:00,85 000 ₽/мес.,85000,5 000 ₽,-5000,False
316131167,10 апр 2025,2025-04-10 00:00:00,90 000 ₽/мес.,90000,,,False
316063232,Сегодня,2025-04-15 00:00:00,70 000 ₽/мес.,70000,5 000 ₽,-5000,False
316063232,9 апр 2025,2025-04-09 00:00:00,75 000 ₽/мес.,75000,,,False
315998815,Сегодня,2025-04-15 00:00:00,90 000 ₽/мес.,90000,5 000 ₽,-5000,False
315998815,8 апр 2025,2025-04-08 00:00:00,95 000 ₽/мес.,95000,,,False
315881468,12 апр 2025,2025-04-12 00:00:00,75 000 ₽/мес.,75000,5 000 ₽,-5000,False
315881468,4 апр 2025,2025-04-04 00:00:00,80 000 ₽/мес.,80000,,,False
315791406,14 апр 2025,2025-04-14 00:00:00,70 000 ₽/мес.,70000,5 000 ₽,-5000,False
315791406,3 апр 2025,2025-04-03 00:00:00,75 000 ₽/мес.,75000,,,False
315774297,6 апр 2025,2025-04-06 00:00:00,85 000 ₽/мес.,85000,5 000 ₽,-5000,False
315774297,2 апр 2025,2025-04-02 00:00:00,90 000 ₽/мес.,90000,,,False
315765102,Сегодня,2025-04-15 00:00:00,70 000 ₽/мес.,70000,5 000 ₽,-5000,False
315765102,2 апр 2025,2025-04-02 00:00:00,75 000 ₽/мес.,75000,,,False
315589115,Сегодня,2025-04-15 00:00:00,95 000 ₽/мес.,95000,15 000 ₽,-15000,False
315589115,1 апр 2025,2025-04-01 00:00:00,110 000 ₽/мес.,110000,20 000 ₽,-20000,False
315589115,29 мар 2025,2025-03-29 00:00:00,130 000 ₽/мес.,130000,,,False
315586589,Сегодня,2025-04-15 00:00:00,85 000 ₽/мес.,85000,5 000 ₽,+5000,True
315586589,5 апр 2025,2025-04-05 00:00:00,80 000 ₽/мес.,80000,5 000 ₽,-5000,False
315586589,2 апр 2025,2025-04-02 00:00:00,85 000 ₽/мес.,85000,5 000 ₽,-5000,False
315586589,29 мар 2025,2025-03-29 00:00:00,90 000 ₽/мес.,90000,,,False
315529279,11 апр 2025,2025-04-11 00:00:00,75 000 ₽/мес.,75000,5 000 ₽,-5000,False
315529279,28 мар 2025,2025-03-28 00:00:00,80 000 ₽/мес.,80000,,,False
315317778,13 апр 2025,2025-04-13 00:00:00,100 000 ₽/мес.,100000,5 000 ₽,-5000,False
315317778,2 апр 2025,2025-04-02 00:00:00,105 000 ₽/мес.,105000,5 000 ₽,-5000,False
315317778,25 мар 2025,2025-03-25 00:00:00,110 000 ₽/мес.,110000,5 000 ₽,-5000,False
315317778,23 мар 2025,2025-03-23 00:00:00,115 000 ₽/мес.,115000,,,False
315314993,6 апр 2025,2025-04-06 00:00:00,90 000 ₽/мес.,90000,9 000 ₽,-9000,False
315314993,6 апр 2025,2025-04-06 00:00:00,99 000 ₽/мес.,99000,1 000 ₽,-1000,False
315314993,2 апр 2025,2025-04-02 00:00:00,100 000 ₽/мес.,100000,10 000 ₽,-10000,False
315314993,27 мар 2025,2025-03-27 00:00:00,110 000 ₽/мес.,110000,10 000 ₽,-10000,False
315314993,26 мар 2025,2025-03-26 00:00:00,120 000 ₽/мес.,120000,5 000 ₽,-5000,False
315314993,23 мар 2025,2025-03-23 00:00:00,125 000 ₽/мес.,125000,,,False
315288165,27 мар 2025,2025-03-27 00:00:00,45 000 ₽/мес.,45000,5 000 ₽,-5000,False
315288165,22 мар 2025,2025-03-22 00:00:00,50 000 ₽/мес.,50000,,,False
315236850,4 апр 2025,2025-04-04 00:00:00,70 000 ₽/мес.,70000,10 000 ₽,-10000,False
315236850,21 мар 2025,2025-03-21 00:00:00,80 000 ₽/мес.,80000,,,False
315093136,14 апр 2025,2025-04-14 00:00:00,70 000 ₽/мес.,70000,5 000 ₽,-5000,False
315093136,18 мар 2025,2025-03-18 00:00:00,75 000 ₽/мес.,75000,,,False
315000261,Сегодня,2025-04-15 00:00:00,80 000 ₽/мес.,80000,10 000 ₽,-10000,False
315000261,16 мар 2025,2025-03-16 00:00:00,90 000 ₽/мес.,90000,10 000 ₽,-10000,False
315000261,16 мар 2025,2025-03-16 00:00:00,100 000 ₽/мес.,100000,,,False
314971556,2 апр 2025,2025-04-02 00:00:00,60 000 ₽/мес.,60000,1 000 ₽,-1000,False
314971556,27 мар 2025,2025-03-27 00:00:00,61 000 ₽/мес.,61000,2 000 ₽,-2000,False
314971556,20 мар 2025,2025-03-20 00:00:00,63 000 ₽/мес.,63000,3 000 ₽,-3000,False
314971556,16 мар 2025,2025-03-16 00:00:00,66 000 ₽/мес.,66000,4 000 ₽,-4000,False
314971556,15 мар 2025,2025-03-15 00:00:00,70 000 ₽/мес.,70000,,,False
314901434,4 апр 2025,2025-04-04 00:00:00,70 000 ₽/мес.,70000,5 000 ₽,-5000,False
314901434,13 мар 2025,2025-03-13 00:00:00,75 000 ₽/мес.,75000,,,False
314893436,22 мар 2025,2025-03-22 00:00:00,60 000 ₽/мес.,60000,3 000 ₽,-3000,False
314893436,19 мар 2025,2025-03-19 00:00:00,63 000 ₽/мес.,63000,3 000 ₽,+3000,True
314893436,18 мар 2025,2025-03-18 00:00:00,60 000 ₽/мес.,60000,2 000 ₽,-2000,False
314893436,17 мар 2025,2025-03-17 00:00:00,62 000 ₽/мес.,62000,1 000 ₽,-1000,False
314893436,13 мар 2025,2025-03-13 00:00:00,63 000 ₽/мес.,63000,,,False
314727450,7 апр 2025,2025-04-07 00:00:00,85 000 ₽/мес.,85000,5 000 ₽,-5000,False
314727450,20 мар 2025,2025-03-20 00:00:00,90 000 ₽/мес.,90000,5 000 ₽,-5000,False
314727450,11 мар 2025,2025-03-11 00:00:00,95 000 ₽/мес.,95000,30 000 ₽,+30000,True
314727450,11 мар 2025,2025-03-11 00:00:00,65 000 ₽/мес.,65000,30 000 ₽,-30000,False
314727450,10 мар 2025,2025-03-10 00:00:00,95 000 ₽/мес.,95000,,,False
314588476,Сегодня,2025-04-15 00:00:00,90 000 ₽/мес.,90000,10 000 ₽,-10000,False
314588476,6 мар 2025,2025-03-06 00:00:00,100 000 ₽/мес.,100000,,,False
313697384,21 фев 2025,2025-02-21 00:00:00,80 000 ₽/мес.,80000,10 000 ₽,-10000,False
313697384,14 фев 2025,2025-02-14 00:00:00,90 000 ₽/мес.,90000,,,False
313660601,2 апр 2025,2025-04-02 00:00:00,98 000 ₽/мес.,98000,22 000 ₽,-22000,False
313660601,13 фев 2025,2025-02-13 00:00:00,120 000 ₽/мес.,120000,,,False
312606307,14 апр 2025,2025-04-14 00:00:00,90 000 ₽/мес.,90000,5 000 ₽,-5000,False
312606307,19 мар 2025,2025-03-19 00:00:00,95 000 ₽/мес.,95000,5 000 ₽,-5000,False
312606307,21 янв 2025,2025-01-21 00:00:00,100 000 ₽/мес.,100000,,,False
312250093,4 фев 2025,2025-02-04 00:00:00,75 000 ₽/мес.,75000,5 000 ₽,-5000,False
312250093,13 янв 2025,2025-01-13 00:00:00,80 000 ₽/мес.,80000,,,False
311906207,21 янв 2025,2025-01-21 00:00:00,70 000 ₽/мес.,70000,5 000 ₽,-5000,False
311906207,14 янв 2025,2025-01-14 00:00:00,75 000 ₽/мес.,75000,5 000 ₽,-5000,False
311906207,1 янв 2025,2025-01-01 00:00:00,80 000 ₽/мес.,80000,,,False
309703283,26 ноя 2024,2024-11-26 00:00:00,65 000 ₽/мес.,65000,5 000 ₽,-5000,False
309703283,20 ноя 2024,2024-11-20 00:00:00,70 000 ₽/мес.,70000,5 000 ₽,-5000,False
309703283,17 ноя 2024,2024-11-17 00:00:00,75 000 ₽/мес.,75000,10 000 ₽,-10000,False
309703283,9 ноя 2024,2024-11-09 00:00:00,85 000 ₽/мес.,85000,,,False
305561530,Сегодня,2025-04-15 00:00:00,95 000 ₽/мес.,95000,10 000 ₽,+10000,True
305561530,22 авг 2024,2024-08-22 00:00:00,85 000 ₽/мес.,85000,4 000 ₽,-4000,False
305561530,12 авг 2024,2024-08-12 00:00:00,89 000 ₽/мес.,89000,1 000 ₽,-1000,False
305561530,9 авг 2024,2024-08-09 00:00:00,90 000 ₽/мес.,90000,5 000 ₽,-5000,False
305561530,9 авг 2024,2024-08-09 00:00:00,95 000 ₽/мес.,95000,4 000 ₽,-4000,False
305561530,5 авг 2024,2024-08-05 00:00:00,99 000 ₽/мес.,99000,,,False
298374223,14 апр 2025,2025-04-14 00:00:00,100 000 ₽/мес.,100000,5 000 ₽,-5000,False
298374223,3 апр 2025,2025-04-03 00:00:00,105 000 ₽/мес.,105000,5 000 ₽,+5000,True
298374223,29 фев 2024,2024-02-29 00:00:00,100 000 ₽/мес.,100000,5 000 ₽,+5000,True
298374223,9 фев 2024,2024-02-09 00:00:00,95 000 ₽/мес.,95000,,,False
291986803,15 мар 2025,2025-03-15 00:00:00,70 000 ₽/мес.,70000,20 000 ₽,-20000,False
291986803,22 фев 2025,2025-02-22 00:00:00,90 000 ₽/мес.,90000,10 000 ₽,+10000,True
291986803,28 авг 2024,2024-08-28 00:00:00,80 000 ₽/мес.,80000,10 000 ₽,+10000,True
291986803,31 июл 2024,2024-07-31 00:00:00,70 000 ₽/мес.,70000,20 000 ₽,+20000,True
291986803,30 сен 2023,2023-09-30 00:00:00,50 000 ₽/мес.,50000,4 000 ₽,+4000,True
291986803,30 сен 2023,2023-09-30 00:00:00,46 000 ₽/мес.,46000,14 000 ₽,-14000,False
291986803,31 авг 2023,2023-08-31 00:00:00,60 000 ₽/мес.,60000,,,False
290031217,12 апр 2025,2025-04-12 00:00:00,90 000 ₽/мес.,90000,30 000 ₽,+30000,True
290031217,12 апр 2025,2025-04-12 00:00:00,60 000 ₽/мес.,60000,,,False
286133934,Сегодня,2025-04-15 00:00:00,80 000 ₽/мес.,80000,8 000 ₽,+8000,True
286133934,11 мар 2024,2024-03-11 00:00:00,72 000 ₽/мес.,72000,9 000 ₽,+9000,True
286133934,15 мая 2023,2023-05-15 00:00:00,63 000 ₽/мес.,63000,1 000 ₽,-1000,False
286133934,15 мая 2023,2023-05-15 00:00:00,64 000 ₽/мес.,64000,1 000 ₽,-1000,False
286133934,14 мая 2023,2023-05-14 00:00:00,65 000 ₽/мес.,65000,2 000 ₽,-2000,False
286133934,11 мая 2023,2023-05-11 00:00:00,67 000 ₽/мес.,67000,1 000 ₽,-1000,False
286133934,28 апр 2023,2023-04-28 00:00:00,68 000 ₽/мес.,68000,2 000 ₽,-2000,False
286133934,12 апр 2023,2023-04-12 00:00:00,70 000 ₽/мес.,70000,,,False
285029594,14 апр 2025,2025-04-14 00:00:00,90 000 ₽/мес.,90000,5 000 ₽,-5000,False
285029594,12 апр 2025,2025-04-12 00:00:00,95 000 ₽/мес.,95000,5 000 ₽,-5000,False
285029594,10 апр 2025,2025-04-10 00:00:00,100 000 ₽/мес.,100000,,,False
279095951,12 апр 2025,2025-04-12 00:00:00,75 000 ₽/мес.,75000,12 000 ₽,+12000,True
279095951,10 мар 2024,2024-03-10 00:00:00,63 000 ₽/мес.,63000,3 000 ₽,+3000,True
279095951,15 ноя 2023,2023-11-15 00:00:00,60 000 ₽/мес.,60000,2 000 ₽,+2000,True
279095951,11 сен 2023,2023-09-11 00:00:00,58 000 ₽/мес.,58000,8 000 ₽,+8000,True
279095951,12 окт 2022,2022-10-12 00:00:00,50 000 ₽/мес.,50000,,,False
279091615,8 апр 2025,2025-04-08 00:00:00,78 000 ₽/мес.,78000,2 000 ₽,-2000,False
279091615,2 апр 2025,2025-04-02 00:00:00,80 000 ₽/мес.,80000,5 000 ₽,-5000,False
279091615,17 мар 2025,2025-03-17 00:00:00,85 000 ₽/мес.,85000,5 000 ₽,-5000,False
279091615,9 мар 2025,2025-03-09 00:00:00,90 000 ₽/мес.,90000,5 000 ₽,-5000,False
279091615,20 фев 2025,2025-02-20 00:00:00,95 000 ₽/мес.,95000,,,False
277261869,Сегодня,2025-04-15 00:00:00,85 000 ₽/мес.,85000,15 000 ₽,-15000,False
277261869,11 апр 2025,2025-04-11 00:00:00,100 000 ₽/мес.,100000,,,False
253952303,14 апр 2025,2025-04-14 00:00:00,85 000 ₽/мес.,85000,6 000 ₽,+6000,True
253952303,11 апр 2024,2024-04-11 00:00:00,79 000 ₽/мес.,79000,5 000 ₽,-5000,False
253952303,2 апр 2024,2024-04-02 00:00:00,84 000 ₽/мес.,84000,,,False
249728148,Сегодня,2025-04-15 00:00:00,84 000 ₽/мес.,84000,3 000 ₽,-3000,False
249728148,8 апр 2025,2025-04-08 00:00:00,87 000 ₽/мес.,87000,3 000 ₽,-3000,False
249728148,3 апр 2025,2025-04-03 00:00:00,90 000 ₽/мес.,90000,,,False
245689151,15 мар 2025,2025-03-15 00:00:00,95 000 ₽/мес.,95000,5 000 ₽,-5000,False
245689151,10 фев 2025,2025-02-10 00:00:00,100 000 ₽/мес.,100000,,,False
214476827,14 фев 2025,2025-02-14 00:00:00,100 000 ₽/мес.,100000,10 000 ₽,-10000,False
214476827,26 янв 2025,2025-01-26 00:00:00,110 000 ₽/мес.,110000,10 000 ₽,+10000,True
214476827,13 янв 2025,2025-01-13 00:00:00,100 000 ₽/мес.,100000,,,False
315391581,30 мар 2025,2025-03-30 00:00:00,60 000 ₽/мес.,60000,2 000 ₽,-2000,False
315391581,30 мар 2025,2025-03-30 00:00:00,62 000 ₽/мес.,62000,3 000 ₽,-3000,False
315391581,27 мар 2025,2025-03-27 00:00:00,65 000 ₽/мес.,65000,5 000 ₽,-5000,False
315391581,25 мар 2025,2025-03-25 00:00:00,70 000 ₽/мес.,70000,,,False
315944479,9 апр 2025,2025-04-09 00:00:00,80 000 ₽/мес.,80000,25 000 ₽,+25000,True
315944479,7 апр 2025,2025-04-07 00:00:00,55 000 ₽/мес.,55000,5 000 ₽,-5000,False
315944479,7 апр 2025,2025-04-07 00:00:00,60 000 ₽/мес.,60000,30 000 ₽,-30000,False
315944479,7 апр 2025,2025-04-07 00:00:00,90 000 ₽/мес.,90000,,,False
316391076,18 апр 2025,2025-04-18 00:00:00,95 000 ₽/мес.,95000,10 000 ₽,-10000,False
316391076,16 апр 2025,2025-04-16 00:00:00,105 000 ₽/мес.,105000,,,False
316341699,18 апр 2025,2025-04-18 00:00:00,95 000 ₽/мес.,95000,10 000 ₽,-10000,False
316341699,15 апр 2025,2025-04-15 00:00:00,105 000 ₽/мес.,105000,,,False
316241614,17 апр 2025,2025-04-17 00:00:00,70 000 ₽/мес.,70000,5 000 ₽,-5000,False
316241614,13 апр 2025,2025-04-13 00:00:00,75 000 ₽/мес.,75000,,,False
316184609,17 апр 2025,2025-04-17 00:00:00,68 000 ₽/мес.,68000,5 000 ₽,-5000,False
316184609,11 апр 2025,2025-04-11 00:00:00,73 000 ₽/мес.,73000,,,False
316133891,15 апр 2025,2025-04-15 00:00:00,100 000 ₽/мес.,100000,10 000 ₽,-10000,False
316133891,13 апр 2025,2025-04-13 00:00:00,110 000 ₽/мес.,110000,10 000 ₽,-10000,False
316133891,10 апр 2025,2025-04-10 00:00:00,120 000 ₽/мес.,120000,,,False
315982292,16 апр 2025,2025-04-16 00:00:00,70 000 ₽/мес.,70000,5 000 ₽,-5000,False
315982292,7 апр 2025,2025-04-07 00:00:00,75 000 ₽/мес.,75000,,,False
315940995,18 апр 2025,2025-04-18 00:00:00,55 000 ₽/мес.,55000,5 000 ₽,-5000,False
315940995,6 апр 2025,2025-04-06 00:00:00,60 000 ₽/мес.,60000,,,False
315591337,18 апр 2025,2025-04-18 00:00:00,95 000 ₽/мес.,95000,15 000 ₽,-15000,False
315591337,13 апр 2025,2025-04-13 00:00:00,110 000 ₽/мес.,110000,10 000 ₽,-10000,False
315591337,10 апр 2025,2025-04-10 00:00:00,120 000 ₽/мес.,120000,10 000 ₽,+10000,True
315591337,4 апр 2025,2025-04-04 00:00:00,110 000 ₽/мес.,110000,10 000 ₽,-10000,False
315591337,29 мар 2025,2025-03-29 00:00:00,120 000 ₽/мес.,120000,,,False
315399988,16 апр 2025,2025-04-16 00:00:00,100 000 ₽/мес.,100000,15 000 ₽,-15000,False
315399988,31 мар 2025,2025-03-31 00:00:00,115 000 ₽/мес.,115000,5 000 ₽,-5000,False
315399988,29 мар 2025,2025-03-29 00:00:00,120 000 ₽/мес.,120000,5 000 ₽,-5000,False
315399988,27 мар 2025,2025-03-27 00:00:00,125 000 ₽/мес.,125000,5 000 ₽,-5000,False
315399988,25 мар 2025,2025-03-25 00:00:00,130 000 ₽/мес.,130000,,,False
314327617,16 апр 2025,2025-04-16 00:00:00,50 000 ₽/мес.,50000,5 000 ₽,+5000,True
314327617,16 мар 2025,2025-03-16 00:00:00,45 000 ₽/мес.,45000,5 000 ₽,-5000,False
314327617,10 мар 2025,2025-03-10 00:00:00,50 000 ₽/мес.,50000,3 000 ₽,-3000,False
314327617,10 мар 2025,2025-03-10 00:00:00,53 000 ₽/мес.,53000,2 000 ₽,-2000,False
314327617,5 мар 2025,2025-03-05 00:00:00,55 000 ₽/мес.,55000,5 000 ₽,-5000,False
314327617,28 фев 2025,2025-02-28 00:00:00,60 000 ₽/мес.,60000,,,False
313423014,18 апр 2025,2025-04-18 00:00:00,88 000 ₽/мес.,88000,7 000 ₽,-7000,False
313423014,17 апр 2025,2025-04-17 00:00:00,95 000 ₽/мес.,95000,7 000 ₽,+7000,True
313423014,15 апр 2025,2025-04-15 00:00:00,88 000 ₽/мес.,88000,10 000 ₽,-10000,False
313423014,3 апр 2025,2025-04-03 00:00:00,98 000 ₽/мес.,98000,,,False
258517947,18 апр 2025,2025-04-18 00:00:00,95 000 ₽/мес.,95000,15 000 ₽,+15000,True
258517947,28 мая 2024,2024-05-28 00:00:00,80 000 ₽/мес.,80000,,,False
316248917,16 апр 2025,2025-04-16 00:00:00,90 000 ₽/мес.,90000,8 000 ₽,-8000,False
316248917,13 апр 2025,2025-04-13 00:00:00,98 000 ₽/мес.,98000,,,False
316455052,18 апр 2025,2025-04-18 00:00:00,85 000 ₽/мес.,85000,5 000 ₽,-5000,False
316455052,18 апр 2025,2025-04-18 00:00:00,90 000 ₽/мес.,90000,,,False
316379955,18 апр 2025,2025-04-18 00:00:00,33 000 ₽/мес.,33000,3 000 ₽,+3000,True
316379955,16 апр 2025,2025-04-16 00:00:00,30 000 ₽/мес.,30000,,,False
316283255,17 апр 2025,2025-04-17 00:00:00,75 000 ₽/мес.,75000,5 000 ₽,-5000,False
316283255,14 апр 2025,2025-04-14 00:00:00,80 000 ₽/мес.,80000,,,False
316211737,18 апр 2025,2025-04-18 00:00:00,85 000 ₽/мес.,85000,3 000 ₽,-3000,False
316211737,12 апр 2025,2025-04-12 00:00:00,88 000 ₽/мес.,88000,,,False
316187925,16 апр 2025,2025-04-16 00:00:00,80 000 ₽/мес.,80000,5 000 ₽,-5000,False
316187925,11 апр 2025,2025-04-11 00:00:00,85 000 ₽/мес.,85000,,,False
